mode: set
github.com/tsloms/server/cmd/server/main.go:25.13,30.24 2 0
github.com/tsloms/server/cmd/server/main.go:30.24,32.26 2 0
github.com/tsloms/server/cmd/server/main.go:32.26,33.26 1 0
github.com/tsloms/server/cmd/server/main.go:33.26,35.5 1 0
github.com/tsloms/server/cmd/server/main.go:36.4,36.55 1 0
github.com/tsloms/server/cmd/server/main.go:36.55,38.5 1 0
github.com/tsloms/server/cmd/server/main.go:43.2,44.16 2 0
github.com/tsloms/server/cmd/server/main.go:44.16,46.3 1 0
github.com/tsloms/server/cmd/server/main.go:49.2,49.67 1 0
github.com/tsloms/server/cmd/server/main.go:49.67,51.3 1 0
github.com/tsloms/server/cmd/server/main.go:51.8,54.20 2 0
github.com/tsloms/server/cmd/server/main.go:54.20,57.4 1 0
github.com/tsloms/server/cmd/server/main.go:57.9,59.4 1 0
github.com/tsloms/server/cmd/server/main.go:62.2,62.30 1 0
github.com/tsloms/server/cmd/server/main.go:62.30,64.3 1 0
github.com/tsloms/server/cmd/server/main.go:64.8,66.46 1 0
github.com/tsloms/server/cmd/server/main.go:66.46,68.4 1 0
github.com/tsloms/server/cmd/server/main.go:72.2,73.113 2 0
github.com/tsloms/server/cmd/server/main.go:73.113,75.3 1 0
github.com/tsloms/server/cmd/server/main.go:75.8,80.80 3 0
github.com/tsloms/server/cmd/server/main.go:80.80,82.4 1 0
github.com/tsloms/server/cmd/server/main.go:85.2,116.12 13 0
github.com/tsloms/server/cmd/server/main.go:116.12,118.77 2 0
github.com/tsloms/server/cmd/server/main.go:118.77,120.4 1 0
github.com/tsloms/server/cmd/server/main.go:123.2,137.23 8 0
github.com/tsloms/server/cmd/server/main.go:137.23,139.3 1 0
github.com/tsloms/server/cmd/server/main.go:141.2,143.42 3 0
github.com/tsloms/server/cmd/server/main.go:143.42,145.3 1 0
github.com/tsloms/server/cmd/server/main.go:146.2,146.32 1 0
github.com/tsloms/server/cmd/server/main.go:150.63,162.2 6 0
github.com/tsloms/server/cmd/server/main.go:162.2,173.3 7 0
github.com/tsloms/server/cmd/server/main.go:173.3,222.4 35 0
github.com/tsloms/server/cmd/server/main.go:222.4,228.5 5 0
github.com/tsloms/server/cmd/server/main.go:231.4,233.4 3 0
github.com/tsloms/server/cmd/server/main.go:233.4,237.5 3 0
github.com/tsloms/server/cmd/server/main.go:240.4,241.4 2 0
github.com/tsloms/server/cmd/server/main.go:241.4,249.5 7 0
github.com/tsloms/server/cmd/server/main.go:251.4,353.94 72 0
github.com/tsloms/server/cmd/server/main.go:357.2,357.10 1 0
github.com/tsloms/server/internal/config/config.go:40.21,68.2 1 1
github.com/tsloms/server/internal/config/config.go:71.42,72.34 1 1
github.com/tsloms/server/internal/config/config.go:72.34,74.3 1 1
github.com/tsloms/server/internal/config/config.go:75.2,75.17 1 1
github.com/tsloms/server/internal/config/config.go:79.46,80.34 1 1
github.com/tsloms/server/internal/config/config.go:80.34,81.44 1 1
github.com/tsloms/server/internal/config/config.go:81.44,83.4 1 1
github.com/tsloms/server/internal/config/config.go:85.2,85.17 1 1
github.com/tsloms/server/internal/config/config.go:95.20,96.23 1 0
github.com/tsloms/server/internal/config/config.go:96.23,98.3 1 0
github.com/tsloms/server/internal/config/config.go:99.2,99.18 1 0
github.com/tsloms/server/internal/config/config.go:103.19,106.2 2 0
github.com/tsloms/server/internal/config/config.go:109.38,111.2 1 1
github.com/tsloms/server/internal/config/config.go:114.32,116.2 1 1
github.com/tsloms/server/internal/service/offline.go:23.56,26.18 3 0
github.com/tsloms/server/internal/service/offline.go:26.18,28.3 1 0
github.com/tsloms/server/internal/service/offline.go:29.2,33.3 1 0
github.com/tsloms/server/internal/service/offline.go:37.51,38.12 1 0
github.com/tsloms/server/internal/service/offline.go:38.12,42.7 4 0
github.com/tsloms/server/internal/service/offline.go:42.7,43.11 1 0
github.com/tsloms/server/internal/service/offline.go:44.22,46.11 2 0
github.com/tsloms/server/internal/service/offline.go:47.20,48.16 1 0
github.com/tsloms/server/internal/service/offline.go:55.47,57.2 1 0
github.com/tsloms/server/internal/service/offline.go:60.34,61.21 1 0
github.com/tsloms/server/internal/service/offline.go:61.21,63.3 1 0
github.com/tsloms/server/internal/service/offline.go:64.2,69.25 3 0
github.com/tsloms/server/internal/service/offline.go:69.25,72.3 2 0
github.com/tsloms/server/internal/service/offline.go:73.2,73.29 1 0
github.com/tsloms/server/internal/service/offline.go:73.29,76.3 1 0
github.com/tsloms/server/internal/service/patrol.go:27.40,30.50 3 0
github.com/tsloms/server/internal/service/patrol.go:30.50,31.65 1 0
github.com/tsloms/server/internal/service/patrol.go:31.65,33.4 1 0
github.com/tsloms/server/internal/service/patrol.go:35.2,35.49 1 0
github.com/tsloms/server/internal/service/patrol.go:35.49,36.65 1 0
github.com/tsloms/server/internal/service/patrol.go:36.65,38.4 1 0
github.com/tsloms/server/internal/service/patrol.go:40.2,40.94 1 0
github.com/tsloms/server/internal/service/patrol.go:44.52,45.12 1 0
github.com/tsloms/server/internal/service/patrol.go:45.12,50.7 4 0
github.com/tsloms/server/internal/service/patrol.go:50.7,51.11 1 0
github.com/tsloms/server/internal/service/patrol.go:52.22,54.11 2 0
github.com/tsloms/server/internal/service/patrol.go:55.20,58.78 2 0
github.com/tsloms/server/internal/service/patrol.go:58.78,60.6 1 0
github.com/tsloms/server/internal/service/patrol.go:67.48,67.65 1 0
github.com/tsloms/server/internal/service/patrol.go:72.34,73.21 1 0
github.com/tsloms/server/internal/service/patrol.go:73.21,75.3 1 0
github.com/tsloms/server/internal/service/patrol.go:76.2,78.53 2 0
github.com/tsloms/server/internal/service/patrol.go:78.53,80.3 1 0
github.com/tsloms/server/internal/service/patrol.go:82.2,83.16 2 0
github.com/tsloms/server/internal/service/patrol.go:83.16,86.3 2 0
github.com/tsloms/server/internal/service/patrol.go:88.2,94.40 5 0
github.com/tsloms/server/internal/service/patrol.go:97.72,102.2 1 0
github.com/tsloms/server/internal/service/patrol.go:105.58,108.25 2 0
github.com/tsloms/server/internal/service/patrol.go:108.25,114.3 2 0
github.com/tsloms/server/internal/service/patrol.go:116.2,116.32 1 0
github.com/tsloms/server/internal/service/patrol.go:116.32,118.72 2 0
github.com/tsloms/server/internal/service/patrol.go:118.72,120.4 1 0
github.com/tsloms/server/internal/service/patrol.go:121.3,124.11 2 0
github.com/tsloms/server/internal/service/patrol.go:127.2,128.17 2 0
github.com/tsloms/server/internal/service/patrol.go:128.17,130.3 1 0
github.com/tsloms/server/internal/service/patrol.go:134.55,144.19 8 0
github.com/tsloms/server/internal/service/patrol.go:144.19,148.3 2 0
github.com/tsloms/server/internal/service/patrol.go:149.2,149.19 1 0
github.com/tsloms/server/internal/service/patrol.go:149.19,153.3 2 0
github.com/tsloms/server/internal/service/patrol.go:160.58,162.9 2 0
github.com/tsloms/server/internal/service/patrol.go:162.9,164.3 1 0
github.com/tsloms/server/internal/service/patrol.go:164.8,166.3 1 0
github.com/tsloms/server/internal/service/patrol.go:167.2,172.25 4 0
github.com/tsloms/server/internal/service/patrol.go:172.25,174.3 1 0
github.com/tsloms/server/internal/service/patrol.go:175.2,175.12 1 0
github.com/tsloms/server/internal/service/patrol.go:179.92,183.21 3 0
github.com/tsloms/server/internal/service/patrol.go:183.21,187.3 2 0
github.com/tsloms/server/internal/service/patrol.go:188.2,188.26 1 0
github.com/tsloms/server/internal/service/patrol.go:188.26,190.3 1 0
github.com/tsloms/server/internal/service/patrol.go:193.49,195.26 2 0
github.com/tsloms/server/internal/service/patrol.go:195.26,196.12 1 0
github.com/tsloms/server/internal/service/patrol.go:196.12,198.4 1 0
github.com/tsloms/server/internal/service/patrol.go:199.3,199.11 1 0
github.com/tsloms/server/internal/service/patrol.go:201.2,201.12 1 0
github.com/tsloms/server/internal/service/workorder_escalate.go:23.50,29.2 2 1
github.com/tsloms/server/internal/service/workorder_escalate.go:32.57,33.12 1 0
github.com/tsloms/server/internal/service/workorder_escalate.go:33.12,37.7 4 0
github.com/tsloms/server/internal/service/workorder_escalate.go:37.7,38.11 1 0
github.com/tsloms/server/internal/service/workorder_escalate.go:39.22,41.11 2 0
github.com/tsloms/server/internal/service/workorder_escalate.go:42.20,43.16 1 0
github.com/tsloms/server/internal/service/workorder_escalate.go:50.53,52.2 1 0
github.com/tsloms/server/internal/service/workorder_escalate.go:57.40,58.21 1 1
github.com/tsloms/server/internal/service/workorder_escalate.go:58.21,60.3 1 1
github.com/tsloms/server/internal/service/workorder_escalate.go:61.2,68.30 6 1
github.com/tsloms/server/internal/service/workorder_escalate.go:68.30,73.47 2 1
github.com/tsloms/server/internal/service/workorder_escalate.go:73.47,75.4 1 1
github.com/tsloms/server/internal/service/workorder_escalate.go:77.2,77.18 1 1
github.com/tsloms/server/internal/service/workorder_escalate.go:77.18,79.3 1 1
github.com/tsloms/server/internal/service/workorder_escalate.go:82.2,87.21 4 1
github.com/tsloms/server/internal/service/workorder_escalate.go:87.21,90.3 1 1
github.com/tsloms/server/internal/model/ai.go:54.40,54.61 1 1
github.com/tsloms/server/internal/model/ai.go:55.40,55.67 1 1
github.com/tsloms/server/internal/model/ai.go:56.40,56.62 1 1
github.com/tsloms/server/internal/model/ai.go:59.30,61.44 2 0
github.com/tsloms/server/internal/model/ai.go:61.44,69.3 6 0
github.com/tsloms/server/internal/model/ai.go:70.2,70.12 1 0
github.com/tsloms/server/internal/model/ai.go:74.61,84.2 5 0
github.com/tsloms/server/internal/model/ai.go:88.58,91.15 3 0
github.com/tsloms/server/internal/model/ai.go:91.15,93.19 1 0
github.com/tsloms/server/internal/model/ai.go:93.19,95.24 2 0
github.com/tsloms/server/internal/model/ai.go:95.24,97.5 1 0
github.com/tsloms/server/internal/model/ai.go:99.3,99.9 1 0
github.com/tsloms/server/internal/model/ai.go:101.2,110.16 2 0
github.com/tsloms/server/internal/model/ai.go:113.30,114.13 1 0
github.com/tsloms/server/internal/model/ai.go:114.13,116.3 1 0
github.com/tsloms/server/internal/model/ai.go:117.2,117.10 1 0
github.com/tsloms/server/internal/model/ai_advance.go:25.36,25.59 1 1
github.com/tsloms/server/internal/model/ai_advance.go:49.36,49.59 1 1
github.com/tsloms/server/internal/model/db.go:24.51,28.30 3 0
github.com/tsloms/server/internal/model/db.go:28.30,31.60 2 0
github.com/tsloms/server/internal/model/db.go:31.60,33.4 1 0
github.com/tsloms/server/internal/model/db.go:34.3,36.5 1 0
github.com/tsloms/server/internal/model/db.go:37.8,44.3 2 0
github.com/tsloms/server/internal/model/db.go:45.2,45.16 1 0
github.com/tsloms/server/internal/model/db.go:45.16,47.3 1 0
github.com/tsloms/server/internal/model/db.go:49.2,49.40 1 0
github.com/tsloms/server/internal/model/db.go:49.40,51.3 1 0
github.com/tsloms/server/internal/model/db.go:53.2,54.16 2 0
github.com/tsloms/server/internal/model/db.go:58.37,88.16 1 1
github.com/tsloms/server/internal/model/db.go:88.16,90.3 1 0
github.com/tsloms/server/internal/model/db.go:92.2,100.12 4 1
github.com/tsloms/server/internal/model/db.go:104.34,107.35 2 1
github.com/tsloms/server/internal/model/db.go:107.35,110.36 3 1
github.com/tsloms/server/internal/model/db.go:110.36,111.42 1 1
github.com/tsloms/server/internal/model/db.go:111.42,113.5 1 0
github.com/tsloms/server/internal/model/db.go:114.4,114.31 1 1
github.com/tsloms/server/internal/model/db.go:115.9,115.24 1 0
github.com/tsloms/server/internal/model/db.go:115.24,117.4 1 0
github.com/tsloms/server/internal/model/db.go:117.9,123.4 2 0
github.com/tsloms/server/internal/model/db.go:127.2,135.29 2 1
github.com/tsloms/server/internal/model/db.go:135.29,138.36 3 1
github.com/tsloms/server/internal/model/db.go:138.36,140.45 2 1
github.com/tsloms/server/internal/model/db.go:140.45,142.5 1 0
github.com/tsloms/server/internal/model/db.go:143.9,143.24 1 0
github.com/tsloms/server/internal/model/db.go:143.24,145.4 1 0
github.com/tsloms/server/internal/model/db.go:148.3,149.49 2 1
github.com/tsloms/server/internal/model/db.go:149.49,151.11 2 1
github.com/tsloms/server/internal/model/db.go:151.11,152.13 1 0
github.com/tsloms/server/internal/model/db.go:154.4,156.23 1 1
github.com/tsloms/server/internal/model/db.go:156.23,158.5 1 0
github.com/tsloms/server/internal/model/db.go:161.2,161.12 1 1
github.com/tsloms/server/internal/model/db.go:166.54,168.49 1 1
github.com/tsloms/server/internal/model/db.go:168.49,170.3 1 1
github.com/tsloms/server/internal/model/db.go:171.2,172.79 2 1
github.com/tsloms/server/internal/model/db.go:172.79,174.3 1 0
github.com/tsloms/server/internal/model/db.go:175.2,175.22 1 1
github.com/tsloms/server/internal/model/db.go:175.22,178.3 1 1
github.com/tsloms/server/internal/model/db.go:180.2,193.71 3 1
github.com/tsloms/server/internal/model/db.go:193.71,195.3 1 0
github.com/tsloms/server/internal/model/db.go:197.2,197.51 1 1
github.com/tsloms/server/internal/model/db.go:197.51,198.26 1 1
github.com/tsloms/server/internal/model/db.go:198.26,200.18 2 1
github.com/tsloms/server/internal/model/db.go:200.18,202.5 1 1
github.com/tsloms/server/internal/model/db.go:203.4,203.18 1 1
github.com/tsloms/server/internal/model/db.go:203.18,204.13 1 0
github.com/tsloms/server/internal/model/db.go:207.4,209.18 3 1
github.com/tsloms/server/internal/model/db.go:209.18,210.53 1 1
github.com/tsloms/server/internal/model/db.go:210.53,212.80 2 1
github.com/tsloms/server/internal/model/db.go:212.80,214.7 1 0
github.com/tsloms/server/internal/model/db.go:216.5,216.13 1 1
github.com/tsloms/server/internal/model/db.go:217.10,217.44 1 1
github.com/tsloms/server/internal/model/db.go:217.44,219.5 1 0
github.com/tsloms/server/internal/model/db.go:221.4,222.11 2 1
github.com/tsloms/server/internal/model/db.go:223.50,224.19 1 1
github.com/tsloms/server/internal/model/db.go:225.49,226.19 1 0
github.com/tsloms/server/internal/model/db.go:227.49,228.22 1 0
github.com/tsloms/server/internal/model/db.go:229.43,230.19 1 0
github.com/tsloms/server/internal/model/db.go:233.4,234.24 2 1
github.com/tsloms/server/internal/model/db.go:234.24,237.5 2 1
github.com/tsloms/server/internal/model/db.go:238.4,244.46 2 1
github.com/tsloms/server/internal/model/db.go:244.46,246.5 1 0
github.com/tsloms/server/internal/model/db.go:247.4,247.19 1 1
github.com/tsloms/server/internal/model/db.go:247.19,252.26 1 1
github.com/tsloms/server/internal/model/db.go:252.26,254.6 1 0
github.com/tsloms/server/internal/model/db.go:257.3,257.13 1 1
github.com/tsloms/server/internal/model/db.go:258.17,260.3 1 0
github.com/tsloms/server/internal/model/db.go:263.2,263.52 1 1
github.com/tsloms/server/internal/model/db.go:267.49,269.27 2 1
github.com/tsloms/server/internal/model/db.go:269.27,270.49 1 1
github.com/tsloms/server/internal/model/db.go:270.49,272.4 1 1
github.com/tsloms/server/internal/model/db.go:274.2,274.14 1 0
github.com/tsloms/server/internal/model/db.go:278.42,285.2 2 0
github.com/tsloms/server/internal/model/db.go:290.48,291.15 1 0
github.com/tsloms/server/internal/model/db.go:291.15,293.3 1 0
github.com/tsloms/server/internal/model/db.go:295.2,297.15 3 0
github.com/tsloms/server/internal/model/db.go:297.15,299.3 1 0
github.com/tsloms/server/internal/model/db.go:301.2,303.15 3 0
github.com/tsloms/server/internal/model/db.go:303.15,306.3 2 0
github.com/tsloms/server/internal/model/db.go:308.2,313.48 2 0
github.com/tsloms/server/internal/model/db.go:313.48,315.3 1 0
github.com/tsloms/server/internal/model/db.go:316.2,316.15 1 0
github.com/tsloms/server/internal/model/db.go:316.15,318.3 1 0
github.com/tsloms/server/internal/model/db.go:319.2,319.16 1 0
github.com/tsloms/server/internal/model/db.go:323.41,326.20 3 0
github.com/tsloms/server/internal/model/db.go:326.20,328.3 1 0
github.com/tsloms/server/internal/model/db.go:329.2,329.19 1 0
github.com/tsloms/server/internal/model/db.go:333.28,339.16 3 1
github.com/tsloms/server/internal/model/db.go:339.16,340.13 1 0
github.com/tsloms/server/internal/model/db.go:343.2,344.16 2 1
github.com/tsloms/server/internal/model/db.go:344.16,345.13 1 0
github.com/tsloms/server/internal/model/db.go:347.2,348.40 2 1
github.com/tsloms/server/internal/model/db.go:348.40,349.13 1 0
github.com/tsloms/server/internal/model/db.go:351.2,352.11 2 1
github.com/tsloms/server/internal/model/device.go:27.34,29.2 1 1
github.com/tsloms/server/internal/model/device.go:45.38,55.2 1 1
github.com/tsloms/server/internal/model/device.go:68.42,76.2 1 1
github.com/tsloms/server/internal/model/fault.go:40.39,42.2 1 1
github.com/tsloms/server/internal/model/fault.go:45.39,47.2 1 0
github.com/tsloms/server/internal/model/feedback.go:23.36,25.2 1 1
github.com/tsloms/server/internal/model/firmware.go:27.43,29.2 1 1
github.com/tsloms/server/internal/model/firmware.go:47.49,49.2 1 1
github.com/tsloms/server/internal/model/material_new.go:32.36,32.58 1 1
github.com/tsloms/server/internal/model/material_new.go:62.41,62.69 1 1
github.com/tsloms/server/internal/model/material_new.go:81.36,81.58 1 1
github.com/tsloms/server/internal/model/material_new.go:100.41,100.69 1 1
github.com/tsloms/server/internal/model/material_new.go:123.45,123.78 1 1
github.com/tsloms/server/internal/model/material_new.go:153.41,153.69 1 1
github.com/tsloms/server/internal/model/material_new.go:158.62,160.2 1 0
github.com/tsloms/server/internal/model/material_new.go:163.73,169.2 5 0
github.com/tsloms/server/internal/model/media.go:33.39,35.2 1 1
github.com/tsloms/server/internal/model/notification.go:27.40,27.66 1 1
github.com/tsloms/server/internal/model/notification.go:38.44,38.75 1 1
github.com/tsloms/server/internal/model/notification.go:42.95,48.2 2 1
github.com/tsloms/server/internal/model/notification.go:52.49,64.2 5 1
github.com/tsloms/server/internal/model/notification.go:67.67,68.31 1 1
github.com/tsloms/server/internal/model/notification.go:68.31,70.3 1 0
github.com/tsloms/server/internal/model/notification.go:71.2,76.22 3 1
github.com/tsloms/server/internal/model/notification.go:76.22,77.26 1 1
github.com/tsloms/server/internal/model/notification.go:77.26,83.4 3 1
github.com/tsloms/server/internal/model/notification.go:85.2,85.13 1 1
github.com/tsloms/server/internal/model/notification.go:90.64,92.56 2 1
github.com/tsloms/server/internal/model/notification.go:92.56,93.36 1 0
github.com/tsloms/server/internal/model/notification.go:93.36,95.4 1 0
github.com/tsloms/server/internal/model/notification.go:96.3,96.16 1 0
github.com/tsloms/server/internal/model/notification.go:99.2,99.49 1 1
github.com/tsloms/server/internal/model/notification.go:99.49,101.3 1 1
github.com/tsloms/server/internal/model/notification.go:102.2,102.23 1 1
github.com/tsloms/server/internal/model/notification.go:102.23,107.17 2 1
github.com/tsloms/server/internal/model/notification.go:107.17,109.4 1 0
github.com/tsloms/server/internal/model/notification.go:110.3,110.16 1 1
github.com/tsloms/server/internal/model/notification.go:113.2,114.34 2 1
github.com/tsloms/server/internal/model/notification.go:118.50,121.21 2 1
github.com/tsloms/server/internal/model/notification.go:121.21,123.3 1 0
github.com/tsloms/server/internal/model/notification.go:125.2,128.36 1 1
github.com/tsloms/server/internal/model/operation_log.go:19.40,21.2 1 1
github.com/tsloms/server/internal/model/packet_log.go:19.37,21.2 1 1
github.com/tsloms/server/internal/model/rbac.go:28.38,28.62 1 1
github.com/tsloms/server/internal/model/rbac.go:41.32,41.50 1 1
github.com/tsloms/server/internal/model/rbac.go:51.42,51.71 1 1
github.com/tsloms/server/internal/model/rbac.go:66.42,66.71 1 1
github.com/tsloms/server/internal/model/rbac.go:162.30,164.35 2 1
github.com/tsloms/server/internal/model/rbac.go:164.35,166.3 1 1
github.com/tsloms/server/internal/model/rbac.go:167.2,167.14 1 1
github.com/tsloms/server/internal/model/rbac.go:177.65,182.54 3 1
github.com/tsloms/server/internal/model/rbac.go:182.54,184.3 1 0
github.com/tsloms/server/internal/model/rbac.go:185.2,185.19 1 1
github.com/tsloms/server/internal/model/rbac.go:186.24,187.36 1 1
github.com/tsloms/server/internal/model/rbac.go:187.36,189.4 1 1
github.com/tsloms/server/internal/model/rbac.go:190.10,192.76 2 1
github.com/tsloms/server/internal/model/rbac.go:192.76,195.27 3 1
github.com/tsloms/server/internal/model/rbac.go:195.27,197.63 2 1
github.com/tsloms/server/internal/model/rbac.go:197.63,199.6 1 1
github.com/tsloms/server/internal/model/rbac.go:201.9,201.83 1 0
github.com/tsloms/server/internal/model/rbac.go:201.83,203.50 1 0
github.com/tsloms/server/internal/model/rbac.go:203.50,205.5 1 0
github.com/tsloms/server/internal/model/rbac.go:210.2,213.25 4 1
github.com/tsloms/server/internal/model/rbac.go:213.25,214.17 1 1
github.com/tsloms/server/internal/model/rbac.go:214.17,216.4 1 1
github.com/tsloms/server/internal/model/rbac.go:218.2,218.16 1 1
github.com/tsloms/server/internal/model/rbac.go:218.16,221.26 2 1
github.com/tsloms/server/internal/model/rbac.go:221.26,222.18 1 1
github.com/tsloms/server/internal/model/rbac.go:222.18,224.5 1 1
github.com/tsloms/server/internal/model/rbac.go:226.8,228.26 1 1
github.com/tsloms/server/internal/model/rbac.go:228.26,229.19 1 0
github.com/tsloms/server/internal/model/rbac.go:229.19,231.5 1 0
github.com/tsloms/server/internal/model/rbac.go:235.2,235.17 1 1
github.com/tsloms/server/internal/model/rbac.go:239.62,241.16 2 0
github.com/tsloms/server/internal/model/rbac.go:241.16,243.3 1 0
github.com/tsloms/server/internal/model/rbac.go:244.2,245.21 2 0
github.com/tsloms/server/internal/model/rbac.go:245.21,246.13 1 0
github.com/tsloms/server/internal/model/rbac.go:246.13,248.4 1 0
github.com/tsloms/server/internal/model/rbac.go:250.2,250.19 1 0
github.com/tsloms/server/internal/model/user.go:30.32,32.2 1 1
github.com/tsloms/server/internal/model/user.go:58.38,60.2 1 1
github.com/tsloms/server/internal/model/user.go:63.43,66.2 2 0
github.com/tsloms/server/internal/model/workorder.go:25.37,27.2 1 1
github.com/tsloms/server/internal/model/workorder.go:47.51,48.15 1 1
github.com/tsloms/server/internal/model/workorder.go:48.15,50.3 1 1
github.com/tsloms/server/internal/model/workorder.go:51.2,52.19 2 1
github.com/tsloms/server/internal/model/workorder.go:53.30,54.35 1 1
github.com/tsloms/server/internal/model/workorder.go:55.33,56.38 1 1
github.com/tsloms/server/internal/model/workorder.go:57.10,58.11 1 1
github.com/tsloms/server/internal/model/workorder.go:60.2,62.18 3 1
github.com/tsloms/server/internal/model/workorder.go:62.18,64.3 1 1
github.com/tsloms/server/internal/model/workorder.go:66.2,66.40 1 1
github.com/tsloms/server/internal/model/workorder.go:71.38,77.2 5 1
github.com/tsloms/server/internal/mqtt/client.go:22.34,27.2 2 0
github.com/tsloms/server/internal/mqtt/client.go:31.81,40.20 8 0
github.com/tsloms/server/internal/mqtt/client.go:40.20,43.3 2 0
github.com/tsloms/server/internal/mqtt/client.go:46.2,46.44 1 0
github.com/tsloms/server/internal/mqtt/client.go:46.44,51.3 1 0
github.com/tsloms/server/internal/mqtt/client.go:54.2,54.62 1 0
github.com/tsloms/server/internal/mqtt/client.go:54.62,59.3 1 0
github.com/tsloms/server/internal/mqtt/client.go:62.2,62.63 1 0
github.com/tsloms/server/internal/mqtt/client.go:62.63,66.3 1 0
github.com/tsloms/server/internal/mqtt/client.go:68.2,71.42 3 0
github.com/tsloms/server/internal/mqtt/client.go:71.42,73.3 1 0
github.com/tsloms/server/internal/mqtt/client.go:75.2,75.12 1 0
github.com/tsloms/server/internal/mqtt/client.go:80.81,82.42 2 0
github.com/tsloms/server/internal/mqtt/client.go:82.42,84.3 1 0
github.com/tsloms/server/internal/mqtt/client.go:85.2,86.12 2 0
github.com/tsloms/server/internal/mqtt/client.go:91.76,93.42 2 0
github.com/tsloms/server/internal/mqtt/client.go:93.42,95.3 1 0
github.com/tsloms/server/internal/mqtt/client.go:96.2,96.12 1 0
github.com/tsloms/server/internal/mqtt/client.go:100.41,101.21 1 0
github.com/tsloms/server/internal/mqtt/client.go:101.21,103.3 1 0
github.com/tsloms/server/internal/mqtt/client.go:104.2,104.31 1 0
github.com/tsloms/server/internal/mqtt/client.go:109.46,110.47 1 0
github.com/tsloms/server/internal/mqtt/client.go:110.47,113.3 2 0
github.com/tsloms/server/internal/mqtt/client.go:117.46,119.2 1 0
github.com/tsloms/server/internal/mqtt/commands.go:107.48,108.17 1 1
github.com/tsloms/server/internal/mqtt/commands.go:109.42,110.20 1 1
github.com/tsloms/server/internal/mqtt/commands.go:111.55,112.23 1 1
github.com/tsloms/server/internal/mqtt/commands.go:113.60,114.19 1 1
github.com/tsloms/server/internal/mqtt/commands.go:115.42,116.15 1 1
github.com/tsloms/server/internal/mqtt/commands.go:117.23,118.22 1 1
github.com/tsloms/server/internal/mqtt/commands.go:119.10,120.19 1 0
github.com/tsloms/server/internal/mqtt/commands.go:125.49,126.17 1 1
github.com/tsloms/server/internal/mqtt/commands.go:129.19,130.20 1 1
github.com/tsloms/server/internal/mqtt/commands.go:132.38,133.18 1 1
github.com/tsloms/server/internal/mqtt/commands.go:134.10,135.18 1 0
github.com/tsloms/server/internal/mqtt/commands.go:140.33,142.2 1 1
github.com/tsloms/server/internal/mqtt/commands.go:145.34,147.2 1 1
github.com/tsloms/server/internal/mqtt/handler.go:23.42,29.2 2 0
github.com/tsloms/server/internal/mqtt/handler.go:33.71,38.15 3 0
github.com/tsloms/server/internal/mqtt/handler.go:38.15,39.31 1 0
github.com/tsloms/server/internal/mqtt/handler.go:39.31,44.4 1 0
github.com/tsloms/server/internal/mqtt/handler.go:48.2,49.16 2 0
github.com/tsloms/server/internal/mqtt/handler.go:49.16,57.3 3 0
github.com/tsloms/server/internal/mqtt/handler.go:60.2,61.103 2 0
github.com/tsloms/server/internal/mqtt/handler.go:61.103,63.17 2 0
github.com/tsloms/server/internal/mqtt/handler.go:63.17,69.4 1 0
github.com/tsloms/server/internal/mqtt/handler.go:73.2,77.50 3 0
github.com/tsloms/server/internal/mqtt/handler.go:77.50,79.3 1 0
github.com/tsloms/server/internal/mqtt/handler.go:82.2,85.19 2 0
github.com/tsloms/server/internal/mqtt/handler.go:86.18,87.42 1 0
github.com/tsloms/server/internal/mqtt/handler.go:88.16,89.33 1 0
github.com/tsloms/server/internal/mqtt/handler.go:90.18,91.42 1 0
github.com/tsloms/server/internal/mqtt/handler.go:92.18,93.32 1 0
github.com/tsloms/server/internal/mqtt/handler.go:94.16,95.30 1 0
github.com/tsloms/server/internal/mqtt/handler.go:96.10,100.4 1 0
github.com/tsloms/server/internal/mqtt/handler.go:108.90,112.21 2 0
github.com/tsloms/server/internal/mqtt/handler.go:112.21,113.40 1 0
github.com/tsloms/server/internal/mqtt/handler.go:113.40,116.31 2 0
github.com/tsloms/server/internal/mqtt/handler.go:116.31,118.5 1 0
github.com/tsloms/server/internal/mqtt/handler.go:123.2,128.3 2 0
github.com/tsloms/server/internal/mqtt/handler.go:135.68,136.51 1 0
github.com/tsloms/server/internal/mqtt/handler.go:136.51,141.3 2 0
github.com/tsloms/server/internal/mqtt/handler.go:143.2,143.39 1 0
github.com/tsloms/server/internal/mqtt/handler.go:143.39,148.3 2 0
github.com/tsloms/server/internal/mqtt/handler.go:150.2,153.3 1 0
github.com/tsloms/server/internal/mqtt/handler.go:159.90,162.21 2 0
github.com/tsloms/server/internal/mqtt/handler.go:162.21,163.40 1 0
github.com/tsloms/server/internal/mqtt/handler.go:163.40,165.4 1 0
github.com/tsloms/server/internal/mqtt/handler.go:169.2,174.3 2 0
github.com/tsloms/server/internal/mqtt/handler.go:179.72,180.21 1 0
github.com/tsloms/server/internal/mqtt/handler.go:180.21,182.3 1 0
github.com/tsloms/server/internal/mqtt/handler.go:184.2,187.25 3 0
github.com/tsloms/server/internal/mqtt/handler.go:187.25,196.56 2 0
github.com/tsloms/server/internal/mqtt/handler.go:196.56,201.4 1 0
github.com/tsloms/server/internal/mqtt/handler.go:202.8,210.72 2 0
github.com/tsloms/server/internal/mqtt/handler.go:210.72,215.4 1 0
github.com/tsloms/server/internal/mqtt/handler.go:222.50,223.21 1 1
github.com/tsloms/server/internal/mqtt/handler.go:223.21,225.3 1 0
github.com/tsloms/server/internal/mqtt/handler.go:227.2,238.25 5 1
github.com/tsloms/server/internal/mqtt/handler.go:238.25,240.48 1 1
github.com/tsloms/server/internal/mqtt/handler.go:240.48,251.4 3 1
github.com/tsloms/server/internal/mqtt/handler.go:253.3,253.72 1 1
github.com/tsloms/server/internal/mqtt/handler.go:257.2,274.54 4 1
github.com/tsloms/server/internal/mqtt/handler.go:274.54,281.3 2 0
github.com/tsloms/server/internal/mqtt/handler.go:284.2,284.30 1 1
github.com/tsloms/server/internal/mqtt/handler.go:284.30,286.3 1 1
github.com/tsloms/server/internal/mqtt/handler.go:288.2,294.3 1 1
github.com/tsloms/server/internal/mqtt/handler.go:298.61,299.21 1 1
github.com/tsloms/server/internal/mqtt/handler.go:299.21,301.3 1 0
github.com/tsloms/server/internal/mqtt/handler.go:304.2,313.51 3 1
github.com/tsloms/server/internal/mqtt/handler.go:313.51,319.3 2 0
github.com/tsloms/server/internal/mqtt/handler.go:322.2,333.3 3 1
github.com/tsloms/server/internal/mqtt/handler.go:339.70,350.16 5 0
github.com/tsloms/server/internal/mqtt/handler.go:350.16,354.3 2 0
github.com/tsloms/server/internal/mqtt/handler.go:357.2,358.22 2 0
github.com/tsloms/server/internal/mqtt/handler.go:358.22,361.81 1 0
github.com/tsloms/server/internal/mqtt/handler.go:361.81,364.4 2 0
github.com/tsloms/server/internal/mqtt/handler.go:365.8,365.39 1 0
github.com/tsloms/server/internal/mqtt/handler.go:365.39,368.3 2 0
github.com/tsloms/server/internal/mqtt/handler.go:371.2,376.64 2 0
github.com/tsloms/server/internal/mqtt/handler.go:381.109,382.56 1 0
github.com/tsloms/server/internal/mqtt/handler.go:382.56,384.3 1 0
github.com/tsloms/server/internal/mqtt/handler.go:386.2,391.68 6 0
github.com/tsloms/server/internal/mqtt/handler.go:391.68,397.3 2 0
github.com/tsloms/server/internal/mqtt/handler.go:398.2,402.3 1 0
github.com/tsloms/server/internal/mqtt/handler.go:407.68,417.16 5 0
github.com/tsloms/server/internal/mqtt/handler.go:417.16,420.3 2 0
github.com/tsloms/server/internal/mqtt/handler.go:421.2,421.64 1 0
github.com/tsloms/server/internal/mqtt/handler.go:425.63,427.18 2 0
github.com/tsloms/server/internal/mqtt/handler.go:427.18,429.3 1 0
github.com/tsloms/server/internal/mqtt/handler.go:430.2,430.13 1 0
github.com/tsloms/server/internal/mqtt/handler.go:435.40,437.2 1 0
github.com/tsloms/server/internal/mqtt/handler.go:440.34,440.60 1 0
github.com/tsloms/server/internal/mqtt/handler.go:441.34,441.60 1 0
github.com/tsloms/server/internal/mqtt/handler.go:446.72,447.56 1 0
github.com/tsloms/server/internal/mqtt/handler.go:447.56,449.3 1 0
github.com/tsloms/server/internal/mqtt/handler.go:452.2,461.71 5 0
github.com/tsloms/server/internal/mqtt/handler.go:461.71,467.3 1 0
github.com/tsloms/server/internal/mqtt/handler.go:471.127,472.21 1 0
github.com/tsloms/server/internal/mqtt/handler.go:472.21,474.3 1 0
github.com/tsloms/server/internal/mqtt/handler.go:476.2,486.52 2 0
github.com/tsloms/server/internal/mqtt/handler.go:486.52,491.3 1 0
github.com/tsloms/server/internal/mqtt/handler.go:495.81,505.21 2 0
github.com/tsloms/server/internal/mqtt/handler.go:505.21,507.40 2 0
github.com/tsloms/server/internal/mqtt/handler.go:507.40,519.4 1 0
github.com/tsloms/server/internal/mqtt/handler.go:520.3,520.35 1 0
github.com/tsloms/server/internal/mqtt/handler.go:523.2,524.26 2 0
github.com/tsloms/server/internal/mqtt/parser.go:24.52,25.35 1 1
github.com/tsloms/server/internal/mqtt/parser.go:25.35,27.3 1 1
github.com/tsloms/server/internal/mqtt/parser.go:29.2,41.29 2 1
github.com/tsloms/server/internal/mqtt/parser.go:41.29,43.3 1 1
github.com/tsloms/server/internal/mqtt/parser.go:46.2,46.54 1 1
github.com/tsloms/server/internal/mqtt/parser.go:46.54,48.3 1 1
github.com/tsloms/server/internal/mqtt/parser.go:51.2,52.25 2 1
github.com/tsloms/server/internal/mqtt/parser.go:52.25,54.3 1 1
github.com/tsloms/server/internal/mqtt/parser.go:55.2,55.36 1 1
github.com/tsloms/server/internal/mqtt/parser.go:55.36,57.3 1 1
github.com/tsloms/server/internal/mqtt/parser.go:60.2,60.22 1 1
github.com/tsloms/server/internal/mqtt/parser.go:60.22,62.3 1 1
github.com/tsloms/server/internal/mqtt/parser.go:64.2,64.19 1 1
github.com/tsloms/server/internal/mqtt/parser.go:69.52,70.35 1 1
github.com/tsloms/server/internal/mqtt/parser.go:70.35,72.3 1 1
github.com/tsloms/server/internal/mqtt/parser.go:74.2,81.36 3 1
github.com/tsloms/server/internal/mqtt/parser.go:81.36,84.3 1 1
github.com/tsloms/server/internal/mqtt/parser.go:87.2,88.35 2 1
github.com/tsloms/server/internal/mqtt/parser.go:88.35,90.3 1 0
github.com/tsloms/server/internal/mqtt/parser.go:93.2,94.47 2 1
github.com/tsloms/server/internal/mqtt/parser.go:94.47,97.17 3 1
github.com/tsloms/server/internal/mqtt/parser.go:97.17,99.4 1 0
github.com/tsloms/server/internal/mqtt/parser.go:100.3,100.42 1 1
github.com/tsloms/server/internal/mqtt/parser.go:103.2,103.17 1 1
github.com/tsloms/server/internal/mqtt/parser.go:109.58,110.32 1 1
github.com/tsloms/server/internal/mqtt/parser.go:110.32,112.3 1 0
github.com/tsloms/server/internal/mqtt/parser.go:114.2,128.17 2 1
github.com/tsloms/server/internal/mqtt/parser.go:133.96,148.16 10 1
github.com/tsloms/server/internal/mqtt/parser.go:148.16,150.3 1 1
github.com/tsloms/server/internal/mqtt/parser.go:153.2,154.26 2 1
github.com/tsloms/server/internal/mqtt/parser.go:154.26,156.3 1 1
github.com/tsloms/server/internal/mqtt/parser.go:159.2,163.14 3 1
github.com/tsloms/server/internal/mqtt/parser.go:168.91,173.2 2 0
github.com/tsloms/server/internal/middleware/auth.go:16.47,17.30 1 1
github.com/tsloms/server/internal/middleware/auth.go:17.30,19.21 2 1
github.com/tsloms/server/internal/middleware/auth.go:19.21,23.4 3 1
github.com/tsloms/server/internal/middleware/auth.go:26.3,29.77 2 1
github.com/tsloms/server/internal/middleware/auth.go:29.77,31.93 1 1
github.com/tsloms/server/internal/middleware/auth.go:31.93,33.5 1 0
github.com/tsloms/server/internal/middleware/auth.go:34.4,34.37 1 1
github.com/tsloms/server/internal/middleware/auth.go:36.3,36.33 1 1
github.com/tsloms/server/internal/middleware/auth.go:36.33,40.4 3 1
github.com/tsloms/server/internal/middleware/auth.go:43.3,44.10 2 1
github.com/tsloms/server/internal/middleware/auth.go:44.10,48.4 3 0
github.com/tsloms/server/internal/middleware/auth.go:51.3,52.10 2 1
github.com/tsloms/server/internal/middleware/auth.go:52.10,56.4 3 0
github.com/tsloms/server/internal/middleware/auth.go:59.3,60.67 2 1
github.com/tsloms/server/internal/middleware/auth.go:60.67,64.4 3 0
github.com/tsloms/server/internal/middleware/auth.go:67.3,67.46 1 1
github.com/tsloms/server/internal/middleware/auth.go:67.46,71.4 3 1
github.com/tsloms/server/internal/middleware/auth.go:74.3,77.11 4 1
github.com/tsloms/server/internal/middleware/auth.go:83.37,84.30 1 0
github.com/tsloms/server/internal/middleware/auth.go:84.30,86.30 2 0
github.com/tsloms/server/internal/middleware/auth.go:86.30,90.4 3 0
github.com/tsloms/server/internal/middleware/auth.go:91.3,91.11 1 0
github.com/tsloms/server/internal/middleware/auth.go:97.40,98.30 1 1
github.com/tsloms/server/internal/middleware/auth.go:98.30,100.60 2 1
github.com/tsloms/server/internal/middleware/auth.go:100.60,104.4 3 1
github.com/tsloms/server/internal/middleware/auth.go:105.3,105.11 1 1
github.com/tsloms/server/internal/middleware/cors.go:14.29,18.24 3 0
github.com/tsloms/server/internal/middleware/cors.go:18.24,19.60 1 0
github.com/tsloms/server/internal/middleware/cors.go:19.60,21.15 2 0
github.com/tsloms/server/internal/middleware/cors.go:21.15,23.5 1 0
github.com/tsloms/server/internal/middleware/cors.go:27.2,27.30 1 0
github.com/tsloms/server/internal/middleware/cors.go:27.30,31.26 3 0
github.com/tsloms/server/internal/middleware/cors.go:31.26,33.20 1 0
github.com/tsloms/server/internal/middleware/cors.go:33.20,35.5 1 0
github.com/tsloms/server/internal/middleware/cors.go:35.10,37.5 1 0
github.com/tsloms/server/internal/middleware/cors.go:38.9,38.70 1 0
github.com/tsloms/server/internal/middleware/cors.go:38.70,41.4 1 0
github.com/tsloms/server/internal/middleware/cors.go:43.3,43.24 1 0
github.com/tsloms/server/internal/middleware/cors.go:43.24,49.4 5 0
github.com/tsloms/server/internal/middleware/cors.go:52.3,52.45 1 0
github.com/tsloms/server/internal/middleware/cors.go:52.45,55.4 2 0
github.com/tsloms/server/internal/middleware/cors.go:57.3,57.11 1 0
github.com/tsloms/server/internal/middleware/logger.go:12.31,14.30 2 0
github.com/tsloms/server/internal/middleware/logger.go:14.30,23.3 3 0
github.com/tsloms/server/internal/middleware/rbac.go:15.47,16.30 1 1
github.com/tsloms/server/internal/middleware/rbac.go:16.30,18.18 2 1
github.com/tsloms/server/internal/middleware/rbac.go:18.18,22.4 3 1
github.com/tsloms/server/internal/middleware/rbac.go:23.3,24.17 2 1
github.com/tsloms/server/internal/middleware/rbac.go:24.17,28.4 3 0
github.com/tsloms/server/internal/middleware/rbac.go:29.3,29.19 1 1
github.com/tsloms/server/internal/middleware/rbac.go:29.19,33.4 3 1
github.com/tsloms/server/internal/middleware/rbac.go:34.3,34.11 1 1
github.com/tsloms/server/internal/middleware/rbac.go:39.52,40.30 1 0
github.com/tsloms/server/internal/middleware/rbac.go:40.30,42.18 2 0
github.com/tsloms/server/internal/middleware/rbac.go:42.18,46.4 3 0
github.com/tsloms/server/internal/middleware/rbac.go:47.3,48.17 2 0
github.com/tsloms/server/internal/middleware/rbac.go:48.17,52.4 3 0
github.com/tsloms/server/internal/middleware/rbac.go:53.3,53.27 1 0
github.com/tsloms/server/internal/middleware/rbac.go:53.27,54.20 1 0
github.com/tsloms/server/internal/middleware/rbac.go:54.20,57.5 2 0
github.com/tsloms/server/internal/middleware/rbac.go:59.3,60.12 2 0
github.com/tsloms/server/internal/handler/ai.go:18.31,19.17 1 0
github.com/tsloms/server/internal/handler/ai.go:19.17,21.3 1 0
github.com/tsloms/server/internal/handler/ai.go:22.2,22.37 1 0
github.com/tsloms/server/internal/handler/ai.go:26.34,35.2 2 0
github.com/tsloms/server/internal/handler/ai.go:38.37,48.47 2 0
github.com/tsloms/server/internal/handler/ai.go:48.47,51.3 2 0
github.com/tsloms/server/internal/handler/ai.go:53.2,54.17 2 0
github.com/tsloms/server/internal/handler/ai.go:54.17,56.3 1 0
github.com/tsloms/server/internal/handler/ai.go:57.2,57.24 1 0
github.com/tsloms/server/internal/handler/ai.go:57.24,59.3 1 0
github.com/tsloms/server/internal/handler/ai.go:60.2,60.25 1 0
github.com/tsloms/server/internal/handler/ai.go:60.25,62.3 1 0
github.com/tsloms/server/internal/handler/ai.go:63.2,63.27 1 0
github.com/tsloms/server/internal/handler/ai.go:63.27,65.3 1 0
github.com/tsloms/server/internal/handler/ai.go:66.2,66.59 1 0
github.com/tsloms/server/internal/handler/ai.go:66.59,68.3 1 0
github.com/tsloms/server/internal/handler/ai.go:69.2,69.24 1 0
github.com/tsloms/server/internal/handler/ai.go:69.24,71.3 1 0
github.com/tsloms/server/internal/handler/ai.go:72.2,72.27 1 0
github.com/tsloms/server/internal/handler/ai.go:72.27,74.3 1 0
github.com/tsloms/server/internal/handler/ai.go:75.2,75.26 1 0
github.com/tsloms/server/internal/handler/ai.go:75.26,77.3 1 0
github.com/tsloms/server/internal/handler/ai.go:79.2,79.49 1 0
github.com/tsloms/server/internal/handler/ai.go:79.49,82.3 2 0
github.com/tsloms/server/internal/handler/ai.go:83.2,84.47 2 0
github.com/tsloms/server/internal/handler/ai.go:88.32,97.2 4 0
github.com/tsloms/server/internal/handler/ai.go:100.35,105.2 4 0
github.com/tsloms/server/internal/handler/ai.go:108.34,114.39 5 0
github.com/tsloms/server/internal/handler/ai.go:114.39,119.28 4 0
github.com/tsloms/server/internal/handler/ai.go:119.28,121.4 1 0
github.com/tsloms/server/internal/handler/ai.go:122.3,122.19 1 0
github.com/tsloms/server/internal/handler/ai.go:122.19,124.4 1 0
github.com/tsloms/server/internal/handler/ai.go:124.9,126.4 1 0
github.com/tsloms/server/internal/handler/ai.go:128.2,133.25 5 0
github.com/tsloms/server/internal/handler/ai.go:133.25,135.3 1 0
github.com/tsloms/server/internal/handler/ai.go:136.2,137.19 2 0
github.com/tsloms/server/internal/handler/ai.go:137.19,139.28 2 0
github.com/tsloms/server/internal/handler/ai.go:139.28,141.4 1 0
github.com/tsloms/server/internal/handler/ai.go:144.2,146.25 3 0
github.com/tsloms/server/internal/handler/ai.go:146.25,152.3 1 0
github.com/tsloms/server/internal/handler/ai.go:153.2,153.43 1 0
github.com/tsloms/server/internal/handler/ai.go:157.36,164.28 6 0
github.com/tsloms/server/internal/handler/ai.go:164.28,182.3 3 0
github.com/tsloms/server/internal/handler/ai.go:183.2,184.100 2 0
github.com/tsloms/server/internal/handler/ai.go:189.50,207.28 8 0
github.com/tsloms/server/internal/handler/ai.go:207.28,210.16 3 0
github.com/tsloms/server/internal/handler/ai.go:210.16,212.4 1 0
github.com/tsloms/server/internal/handler/ai.go:213.3,214.13 2 0
github.com/tsloms/server/internal/handler/ai.go:214.13,218.4 3 0
github.com/tsloms/server/internal/handler/ai.go:219.3,221.35 3 0
github.com/tsloms/server/internal/handler/ai.go:221.35,222.20 1 0
github.com/tsloms/server/internal/handler/ai.go:222.20,225.5 2 0
github.com/tsloms/server/internal/handler/ai.go:226.4,227.20 2 0
github.com/tsloms/server/internal/handler/ai.go:229.3,229.47 1 0
github.com/tsloms/server/internal/handler/ai.go:229.47,231.4 1 0
github.com/tsloms/server/internal/handler/ai.go:232.3,232.26 1 0
github.com/tsloms/server/internal/handler/ai.go:232.26,234.4 1 0
github.com/tsloms/server/internal/handler/ai.go:235.3,239.5 1 0
github.com/tsloms/server/internal/handler/ai.go:243.2,245.30 3 0
github.com/tsloms/server/internal/handler/ai.go:245.30,248.34 3 0
github.com/tsloms/server/internal/handler/ai.go:248.34,251.4 2 0
github.com/tsloms/server/internal/handler/ai.go:252.3,253.18 2 0
github.com/tsloms/server/internal/handler/ai.go:253.18,255.4 1 0
github.com/tsloms/server/internal/handler/ai.go:257.3,258.37 2 0
github.com/tsloms/server/internal/handler/ai.go:258.37,259.20 1 0
github.com/tsloms/server/internal/handler/ai.go:259.20,261.5 1 0
github.com/tsloms/server/internal/handler/ai.go:263.3,274.5 2 0
github.com/tsloms/server/internal/handler/ai.go:277.2,277.45 1 0
github.com/tsloms/server/internal/handler/ai.go:277.45,279.59 2 0
github.com/tsloms/server/internal/handler/ai.go:279.59,281.4 1 0
github.com/tsloms/server/internal/handler/ai.go:282.3,282.59 1 0
github.com/tsloms/server/internal/handler/ai.go:285.2,288.58 2 0
github.com/tsloms/server/internal/handler/ai.go:292.44,294.16 2 0
github.com/tsloms/server/internal/handler/ai.go:294.16,297.3 2 0
github.com/tsloms/server/internal/handler/ai.go:298.2,299.56 2 0
github.com/tsloms/server/internal/handler/ai.go:299.56,302.3 2 0
github.com/tsloms/server/internal/handler/ai.go:303.2,313.16 5 0
github.com/tsloms/server/internal/handler/ai.go:313.16,316.3 2 0
github.com/tsloms/server/internal/handler/ai.go:317.2,318.74 2 0
github.com/tsloms/server/internal/handler/ai.go:322.42,324.16 2 0
github.com/tsloms/server/internal/handler/ai.go:324.16,327.3 2 0
github.com/tsloms/server/internal/handler/ai.go:328.2,329.54 2 0
github.com/tsloms/server/internal/handler/ai.go:329.54,332.3 2 0
github.com/tsloms/server/internal/handler/ai.go:333.2,341.29 6 0
github.com/tsloms/server/internal/handler/ai.go:345.40,347.16 2 0
github.com/tsloms/server/internal/handler/ai.go:347.16,350.3 2 0
github.com/tsloms/server/internal/handler/ai.go:351.2,352.82 2 0
github.com/tsloms/server/internal/handler/ai.go:352.82,355.3 2 0
github.com/tsloms/server/internal/handler/ai.go:356.2,359.29 4 0
github.com/tsloms/server/internal/handler/ai.go:363.36,368.17 5 0
github.com/tsloms/server/internal/handler/ai.go:368.17,370.3 1 0
github.com/tsloms/server/internal/handler/ai.go:371.2,375.25 4 0
github.com/tsloms/server/internal/handler/ai.go:375.25,384.3 1 0
github.com/tsloms/server/internal/handler/ai.go:385.2,385.43 1 0
github.com/tsloms/server/internal/handler/ai.go:390.41,391.43 1 1
github.com/tsloms/server/internal/handler/ai.go:391.43,392.29 1 1
github.com/tsloms/server/internal/handler/ai.go:392.29,394.4 1 1
github.com/tsloms/server/internal/handler/ai.go:396.2,396.10 1 1
github.com/tsloms/server/internal/handler/ai.go:400.28,402.24 2 0
github.com/tsloms/server/internal/handler/ai.go:402.24,404.3 1 0
github.com/tsloms/server/internal/handler/ai.go:405.2,405.11 1 0
github.com/tsloms/server/internal/handler/ai.go:410.64,411.38 1 1
github.com/tsloms/server/internal/handler/ai.go:411.38,413.3 1 1
github.com/tsloms/server/internal/handler/ai.go:416.2,417.49 2 1
github.com/tsloms/server/internal/handler/ai.go:417.49,419.3 1 1
github.com/tsloms/server/internal/handler/ai.go:420.2,420.92 1 1
github.com/tsloms/server/internal/handler/ai.go:420.92,423.3 1 1
github.com/tsloms/server/internal/handler/ai.go:425.2,427.79 3 1
github.com/tsloms/server/internal/handler/ai.go:427.79,429.3 1 0
github.com/tsloms/server/internal/handler/ai.go:430.2,430.23 1 1
github.com/tsloms/server/internal/handler/ai_advance.go:18.42,21.16 3 0
github.com/tsloms/server/internal/handler/ai_advance.go:21.16,24.3 2 0
github.com/tsloms/server/internal/handler/ai_advance.go:25.2,26.29 2 0
github.com/tsloms/server/internal/handler/ai_advance.go:30.37,33.35 3 0
github.com/tsloms/server/internal/handler/ai_advance.go:33.35,34.53 1 0
github.com/tsloms/server/internal/handler/ai_advance.go:34.53,36.4 1 0
github.com/tsloms/server/internal/handler/ai_advance.go:38.2,39.16 2 0
github.com/tsloms/server/internal/handler/ai_advance.go:39.16,42.3 2 0
github.com/tsloms/server/internal/handler/ai_advance.go:43.2,44.29 2 0
github.com/tsloms/server/internal/handler/ai_advance.go:49.40,54.47 2 0
github.com/tsloms/server/internal/handler/ai_advance.go:54.47,57.3 2 0
github.com/tsloms/server/internal/handler/ai_advance.go:58.2,59.22 2 0
github.com/tsloms/server/internal/handler/ai_advance.go:59.22,61.3 1 0
github.com/tsloms/server/internal/handler/ai_advance.go:62.2,64.27 3 0
github.com/tsloms/server/internal/handler/ai_advance.go:64.27,66.3 1 0
github.com/tsloms/server/internal/handler/ai_advance.go:66.8,68.3 1 0
github.com/tsloms/server/internal/handler/ai_advance.go:69.2,69.16 1 0
github.com/tsloms/server/internal/handler/ai_advance.go:69.16,72.3 2 0
github.com/tsloms/server/internal/handler/ai_advance.go:74.2,75.61 2 0
github.com/tsloms/server/internal/handler/ai_advance.go:75.61,78.3 2 0
github.com/tsloms/server/internal/handler/ai_advance.go:79.2,80.30 2 0
github.com/tsloms/server/internal/handler/ai_advance.go:84.37,87.36 3 0
github.com/tsloms/server/internal/handler/ai_advance.go:87.36,88.53 1 0
github.com/tsloms/server/internal/handler/ai_advance.go:88.53,90.4 1 0
github.com/tsloms/server/internal/handler/ai_advance.go:92.2,93.48 2 0
github.com/tsloms/server/internal/handler/ai_advance.go:97.44,99.16 2 0
github.com/tsloms/server/internal/handler/ai_advance.go:99.16,102.3 2 0
github.com/tsloms/server/internal/handler/ai_advance.go:103.2,105.16 3 0
github.com/tsloms/server/internal/handler/ai_advance.go:105.16,108.3 2 0
github.com/tsloms/server/internal/handler/ai_advance.go:109.2,110.29 2 0
github.com/tsloms/server/internal/handler/ai_advance.go:115.48,117.16 2 0
github.com/tsloms/server/internal/handler/ai_advance.go:117.16,120.3 2 0
github.com/tsloms/server/internal/handler/ai_advance.go:121.2,124.16 4 0
github.com/tsloms/server/internal/handler/ai_advance.go:124.16,127.3 2 0
github.com/tsloms/server/internal/handler/ai_advance.go:128.2,129.29 2 0
github.com/tsloms/server/internal/handler/ai_advance.go:133.37,136.37 3 0
github.com/tsloms/server/internal/handler/ai_advance.go:136.37,137.57 1 0
github.com/tsloms/server/internal/handler/ai_advance.go:137.57,139.4 1 0
github.com/tsloms/server/internal/handler/ai_advance.go:141.2,142.36 2 0
github.com/tsloms/server/internal/handler/ai_advance.go:142.36,143.53 1 0
github.com/tsloms/server/internal/handler/ai_advance.go:143.53,145.4 1 0
github.com/tsloms/server/internal/handler/ai_advance.go:147.2,148.48 2 0
github.com/tsloms/server/internal/handler/ai_advance.go:152.46,154.49 2 0
github.com/tsloms/server/internal/handler/ai_advance.go:154.49,156.3 1 0
github.com/tsloms/server/internal/handler/ai_advance.go:157.2,159.16 3 0
github.com/tsloms/server/internal/handler/ai_advance.go:159.16,162.3 2 0
github.com/tsloms/server/internal/handler/ai_advance.go:163.2,164.29 2 0
github.com/tsloms/server/internal/handler/ai_advance.go:169.48,173.47 2 0
github.com/tsloms/server/internal/handler/ai_advance.go:173.47,176.3 2 0
github.com/tsloms/server/internal/handler/ai_advance.go:177.2,179.16 3 0
github.com/tsloms/server/internal/handler/ai_advance.go:179.16,182.3 2 0
github.com/tsloms/server/internal/handler/ai_advance.go:183.2,184.29 2 0
github.com/tsloms/server/internal/handler/ai_advance.go:189.48,194.47 2 0
github.com/tsloms/server/internal/handler/ai_advance.go:194.47,197.3 2 0
github.com/tsloms/server/internal/handler/ai_advance.go:198.2,201.29 4 0
github.com/tsloms/server/internal/handler/ai_advance.go:211.36,216.84 3 0
github.com/tsloms/server/internal/handler/ai_advance.go:216.84,219.3 2 0
github.com/tsloms/server/internal/handler/ai_advance.go:220.2,223.18 4 0
github.com/tsloms/server/internal/handler/ai_advance.go:223.18,226.3 2 0
github.com/tsloms/server/internal/handler/ai_advance.go:227.2,228.29 2 0
github.com/tsloms/server/internal/handler/ai_advance.go:236.40,239.16 3 0
github.com/tsloms/server/internal/handler/ai_advance.go:239.16,242.3 2 0
github.com/tsloms/server/internal/handler/ai_advance.go:243.2,244.29 2 0
github.com/tsloms/server/internal/handler/ai_advance.go:249.39,257.47 3 0
github.com/tsloms/server/internal/handler/ai_advance.go:257.47,260.3 2 0
github.com/tsloms/server/internal/handler/ai_advance.go:261.2,262.16 2 0
github.com/tsloms/server/internal/handler/ai_advance.go:262.16,265.3 2 0
github.com/tsloms/server/internal/handler/ai_advance.go:266.2,267.85 2 0
github.com/tsloms/server/internal/handler/ai_advance.go:277.39,279.36 2 0
github.com/tsloms/server/internal/handler/ai_advance.go:279.36,280.65 1 0
github.com/tsloms/server/internal/handler/ai_advance.go:280.65,282.4 1 0
github.com/tsloms/server/internal/handler/ai_advance.go:284.2,285.36 2 0
github.com/tsloms/server/internal/handler/ai_advance.go:285.36,286.65 1 0
github.com/tsloms/server/internal/handler/ai_advance.go:286.65,288.4 1 0
github.com/tsloms/server/internal/handler/ai_advance.go:290.2,291.16 2 0
github.com/tsloms/server/internal/handler/ai_advance.go:291.16,294.3 2 0
github.com/tsloms/server/internal/handler/ai_advance.go:295.2,296.29 2 0
github.com/tsloms/server/internal/handler/auth.go:20.28,22.47 2 1
github.com/tsloms/server/internal/handler/auth.go:22.47,25.3 2 1
github.com/tsloms/server/internal/handler/auth.go:28.2,29.88 2 1
github.com/tsloms/server/internal/handler/auth.go:29.88,32.3 2 1
github.com/tsloms/server/internal/handler/auth.go:35.2,35.103 1 1
github.com/tsloms/server/internal/handler/auth.go:35.103,38.3 2 1
github.com/tsloms/server/internal/handler/auth.go:41.2,41.66 1 1
github.com/tsloms/server/internal/handler/auth.go:41.66,44.3 2 1
github.com/tsloms/server/internal/handler/auth.go:47.2,53.16 5 1
github.com/tsloms/server/internal/handler/auth.go:53.16,56.3 2 0
github.com/tsloms/server/internal/handler/auth.go:58.2,74.65 3 1
github.com/tsloms/server/internal/handler/auth.go:78.66,85.2 2 1
github.com/tsloms/server/internal/handler/auth.go:88.34,92.60 3 1
github.com/tsloms/server/internal/handler/auth.go:92.60,95.3 2 1
github.com/tsloms/server/internal/handler/auth.go:97.2,109.4 1 0
github.com/tsloms/server/internal/handler/dashboard.go:14.37,17.35 2 1
github.com/tsloms/server/internal/handler/dashboard.go:17.35,18.77 1 0
github.com/tsloms/server/internal/handler/dashboard.go:18.78,20.4 0 0
github.com/tsloms/server/internal/handler/dashboard.go:22.2,40.4 5 1
github.com/tsloms/server/internal/handler/dashboard.go:45.43,70.2 9 1
github.com/tsloms/server/internal/handler/dashboard.go:74.38,77.35 3 0
github.com/tsloms/server/internal/handler/dashboard.go:77.35,78.77 1 0
github.com/tsloms/server/internal/handler/dashboard.go:78.78,79.4 0 0
github.com/tsloms/server/internal/handler/dashboard.go:82.2,88.27 5 0
github.com/tsloms/server/internal/handler/dashboard.go:88.27,90.20 2 0
github.com/tsloms/server/internal/handler/dashboard.go:91.15,93.48 2 0
github.com/tsloms/server/internal/handler/dashboard.go:94.16,95.42 1 0
github.com/tsloms/server/internal/handler/dashboard.go:96.11,97.45 1 0
github.com/tsloms/server/internal/handler/dashboard.go:99.3,99.19 1 0
github.com/tsloms/server/internal/handler/dashboard.go:102.2,107.36 3 0
github.com/tsloms/server/internal/handler/dashboard.go:107.36,109.3 1 0
github.com/tsloms/server/internal/handler/dashboard.go:112.2,112.42 1 0
github.com/tsloms/server/internal/handler/dashboard.go:112.42,114.3 1 0
github.com/tsloms/server/internal/handler/dashboard.go:116.2,120.4 1 0
github.com/tsloms/server/internal/handler/dashboard.go:125.38,127.36 2 0
github.com/tsloms/server/internal/handler/dashboard.go:127.36,128.79 1 0
github.com/tsloms/server/internal/handler/dashboard.go:128.80,130.4 0 0
github.com/tsloms/server/internal/handler/dashboard.go:133.2,134.35 2 0
github.com/tsloms/server/internal/handler/dashboard.go:134.35,135.77 1 0
github.com/tsloms/server/internal/handler/dashboard.go:135.78,137.4 0 0
github.com/tsloms/server/internal/handler/dashboard.go:139.2,159.4 5 0
github.com/tsloms/server/internal/handler/dashboard.go:164.40,217.2 19 0
github.com/tsloms/server/internal/handler/dashboard.go:221.42,223.35 2 0
github.com/tsloms/server/internal/handler/dashboard.go:223.35,224.77 1 0
github.com/tsloms/server/internal/handler/dashboard.go:224.78,225.4 0 0
github.com/tsloms/server/internal/handler/dashboard.go:227.2,241.25 7 0
github.com/tsloms/server/internal/handler/dashboard.go:241.25,242.24 1 0
github.com/tsloms/server/internal/handler/dashboard.go:242.24,244.4 1 0
github.com/tsloms/server/internal/handler/dashboard.go:247.2,248.15 2 0
github.com/tsloms/server/internal/handler/dashboard.go:248.15,250.3 1 0
github.com/tsloms/server/internal/handler/dashboard.go:252.2,257.4 1 0
github.com/tsloms/server/internal/handler/dashboard.go:262.42,273.23 7 1
github.com/tsloms/server/internal/handler/dashboard.go:273.23,283.26 4 1
github.com/tsloms/server/internal/handler/dashboard.go:283.26,286.4 2 1
github.com/tsloms/server/internal/handler/dashboard.go:287.3,288.37 2 1
github.com/tsloms/server/internal/handler/dashboard.go:292.2,293.23 2 1
github.com/tsloms/server/internal/handler/dashboard.go:293.23,297.27 3 1
github.com/tsloms/server/internal/handler/dashboard.go:297.27,306.4 1 1
github.com/tsloms/server/internal/handler/dashboard.go:310.2,321.25 6 1
github.com/tsloms/server/internal/handler/dashboard.go:321.25,323.3 1 1
github.com/tsloms/server/internal/handler/dashboard.go:326.2,335.30 4 1
github.com/tsloms/server/internal/handler/dashboard.go:335.30,337.3 1 1
github.com/tsloms/server/internal/handler/dashboard.go:339.2,354.4 1 1
github.com/tsloms/server/internal/handler/department.go:9.38,24.25 7 1
github.com/tsloms/server/internal/handler/department.go:24.25,25.28 1 0
github.com/tsloms/server/internal/handler/department.go:25.28,27.4 1 0
github.com/tsloms/server/internal/handler/department.go:30.2,31.26 2 1
github.com/tsloms/server/internal/handler/department.go:31.26,38.3 1 1
github.com/tsloms/server/internal/handler/department.go:39.2,39.46 1 1
github.com/tsloms/server/internal/handler/department.go:43.39,50.65 2 1
github.com/tsloms/server/internal/handler/department.go:50.65,53.3 2 0
github.com/tsloms/server/internal/handler/department.go:54.2,56.15 3 1
github.com/tsloms/server/internal/handler/department.go:56.15,59.3 2 1
github.com/tsloms/server/internal/handler/department.go:60.2,62.25 2 1
github.com/tsloms/server/internal/handler/department.go:62.25,64.65 2 0
github.com/tsloms/server/internal/handler/department.go:64.65,67.4 2 0
github.com/tsloms/server/internal/handler/department.go:69.2,69.53 1 1
github.com/tsloms/server/internal/handler/department.go:69.53,72.3 2 0
github.com/tsloms/server/internal/handler/department.go:73.2,74.81 2 1
github.com/tsloms/server/internal/handler/department.go:78.39,80.16 2 1
github.com/tsloms/server/internal/handler/department.go:80.16,83.3 2 0
github.com/tsloms/server/internal/handler/department.go:84.2,85.56 2 1
github.com/tsloms/server/internal/handler/department.go:85.56,88.3 2 0
github.com/tsloms/server/internal/handler/department.go:89.2,95.47 2 1
github.com/tsloms/server/internal/handler/department.go:95.47,98.3 2 0
github.com/tsloms/server/internal/handler/department.go:99.2,100.40 2 1
github.com/tsloms/server/internal/handler/department.go:100.40,103.14 3 0
github.com/tsloms/server/internal/handler/department.go:103.14,106.4 2 0
github.com/tsloms/server/internal/handler/department.go:107.3,107.30 1 0
github.com/tsloms/server/internal/handler/department.go:109.2,109.23 1 1
github.com/tsloms/server/internal/handler/department.go:109.23,111.3 1 1
github.com/tsloms/server/internal/handler/department.go:112.2,112.28 1 1
github.com/tsloms/server/internal/handler/department.go:112.28,114.3 1 1
github.com/tsloms/server/internal/handler/department.go:115.2,115.25 1 1
github.com/tsloms/server/internal/handler/department.go:115.25,116.26 1 0
github.com/tsloms/server/internal/handler/department.go:116.26,119.4 2 0
github.com/tsloms/server/internal/handler/department.go:120.3,121.65 2 0
github.com/tsloms/server/internal/handler/department.go:121.65,124.4 2 0
github.com/tsloms/server/internal/handler/department.go:125.3,125.39 1 0
github.com/tsloms/server/internal/handler/department.go:127.2,127.22 1 1
github.com/tsloms/server/internal/handler/department.go:127.22,128.70 1 1
github.com/tsloms/server/internal/handler/department.go:128.70,131.4 2 0
github.com/tsloms/server/internal/handler/department.go:133.2,134.47 2 1
github.com/tsloms/server/internal/handler/department.go:138.39,140.16 2 1
github.com/tsloms/server/internal/handler/department.go:140.16,143.3 2 0
github.com/tsloms/server/internal/handler/department.go:144.2,145.56 2 1
github.com/tsloms/server/internal/handler/department.go:145.56,148.3 2 0
github.com/tsloms/server/internal/handler/department.go:150.2,152.21 3 1
github.com/tsloms/server/internal/handler/department.go:152.21,155.3 2 1
github.com/tsloms/server/internal/handler/department.go:156.2,156.53 1 1
github.com/tsloms/server/internal/handler/department.go:156.53,159.3 2 0
github.com/tsloms/server/internal/handler/department.go:160.2,161.47 2 1
github.com/tsloms/server/internal/handler/device.go:13.34,19.65 3 1
github.com/tsloms/server/internal/handler/device.go:19.65,21.3 1 1
github.com/tsloms/server/internal/handler/device.go:24.2,24.54 1 1
github.com/tsloms/server/internal/handler/device.go:24.54,26.3 1 1
github.com/tsloms/server/internal/handler/device.go:29.2,29.42 1 1
github.com/tsloms/server/internal/handler/device.go:29.42,31.3 1 1
github.com/tsloms/server/internal/handler/device.go:34.2,49.4 5 1
github.com/tsloms/server/internal/handler/device.go:53.32,55.16 2 1
github.com/tsloms/server/internal/handler/device.go:55.16,58.3 2 1
github.com/tsloms/server/internal/handler/device.go:60.2,61.58 2 1
github.com/tsloms/server/internal/handler/device.go:61.58,64.3 2 1
github.com/tsloms/server/internal/handler/device.go:66.2,70.4 1 1
github.com/tsloms/server/internal/handler/device.go:74.35,76.16 2 1
github.com/tsloms/server/internal/handler/device.go:76.16,79.3 2 1
github.com/tsloms/server/internal/handler/device.go:81.2,82.58 2 1
github.com/tsloms/server/internal/handler/device.go:82.58,85.3 2 1
github.com/tsloms/server/internal/handler/device.go:87.2,97.47 2 1
github.com/tsloms/server/internal/handler/device.go:97.47,100.3 2 0
github.com/tsloms/server/internal/handler/device.go:102.2,103.28 2 1
github.com/tsloms/server/internal/handler/device.go:103.28,105.3 1 1
github.com/tsloms/server/internal/handler/device.go:106.2,106.28 1 1
github.com/tsloms/server/internal/handler/device.go:106.28,108.3 1 0
github.com/tsloms/server/internal/handler/device.go:109.2,109.28 1 1
github.com/tsloms/server/internal/handler/device.go:109.28,111.3 1 0
github.com/tsloms/server/internal/handler/device.go:112.2,112.27 1 1
github.com/tsloms/server/internal/handler/device.go:112.27,113.70 1 1
github.com/tsloms/server/internal/handler/device.go:113.70,115.4 1 1
github.com/tsloms/server/internal/handler/device.go:118.2,118.20 1 1
github.com/tsloms/server/internal/handler/device.go:118.20,120.3 1 1
github.com/tsloms/server/internal/handler/device.go:121.2,121.20 1 1
github.com/tsloms/server/internal/handler/device.go:121.20,123.3 1 1
github.com/tsloms/server/internal/handler/device.go:125.2,125.26 1 1
github.com/tsloms/server/internal/handler/device.go:125.26,127.3 1 1
github.com/tsloms/server/internal/handler/device.go:129.2,129.22 1 1
github.com/tsloms/server/internal/handler/device.go:129.22,130.72 1 1
github.com/tsloms/server/internal/handler/device.go:130.72,133.4 2 0
github.com/tsloms/server/internal/handler/device.go:134.3,134.102 1 1
github.com/tsloms/server/internal/handler/device.go:137.2,137.59 1 1
github.com/tsloms/server/internal/handler/device.go:141.35,150.47 2 1
github.com/tsloms/server/internal/handler/device.go:150.47,153.3 2 1
github.com/tsloms/server/internal/handler/device.go:155.2,157.15 3 1
github.com/tsloms/server/internal/handler/device.go:157.15,160.3 2 1
github.com/tsloms/server/internal/handler/device.go:161.2,169.55 2 1
github.com/tsloms/server/internal/handler/device.go:169.55,172.3 2 0
github.com/tsloms/server/internal/handler/device.go:173.2,174.62 2 1
github.com/tsloms/server/internal/handler/device.go:178.35,180.16 2 1
github.com/tsloms/server/internal/handler/device.go:180.16,183.3 2 0
github.com/tsloms/server/internal/handler/device.go:184.2,185.58 2 1
github.com/tsloms/server/internal/handler/device.go:185.58,188.3 2 1
github.com/tsloms/server/internal/handler/device.go:189.2,189.55 1 1
github.com/tsloms/server/internal/handler/device.go:189.55,192.3 2 0
github.com/tsloms/server/internal/handler/device.go:193.2,194.44 2 1
github.com/tsloms/server/internal/handler/device.go:198.34,208.2 4 1
github.com/tsloms/server/internal/handler/dispatch.go:14.40,16.16 2 1
github.com/tsloms/server/internal/handler/dispatch.go:16.16,19.3 2 1
github.com/tsloms/server/internal/handler/dispatch.go:21.2,49.4 11 1
github.com/tsloms/server/internal/handler/expense.go:12.35,29.4 6 1
github.com/tsloms/server/internal/handler/expense.go:29.4,32.3 1 1
github.com/tsloms/server/internal/handler/expense.go:35.2,45.27 5 1
github.com/tsloms/server/internal/handler/expense.go:45.27,47.3 1 1
github.com/tsloms/server/internal/handler/expense.go:49.2,53.4 1 1
github.com/tsloms/server/internal/handler/expense.go:57.41,61.45 3 0
github.com/tsloms/server/internal/handler/expense.go:61.45,63.3 1 0
github.com/tsloms/server/internal/handler/expense.go:64.2,64.46 1 0
github.com/tsloms/server/internal/handler/expense.go:64.46,66.3 1 0
github.com/tsloms/server/internal/handler/expense.go:67.2,67.39 1 0
github.com/tsloms/server/internal/handler/expense.go:67.39,69.3 1 0
github.com/tsloms/server/internal/handler/expense.go:70.2,70.41 1 0
github.com/tsloms/server/internal/handler/expense.go:70.41,72.3 1 0
github.com/tsloms/server/internal/handler/expense.go:73.2,73.35 1 0
github.com/tsloms/server/internal/handler/expense.go:73.35,75.3 1 0
github.com/tsloms/server/internal/handler/expense.go:76.2,76.65 1 0
github.com/tsloms/server/internal/handler/expense.go:76.65,78.3 1 0
github.com/tsloms/server/internal/handler/expense.go:80.2,84.81 5 0
github.com/tsloms/server/internal/handler/expense.go:89.40,101.47 2 1
github.com/tsloms/server/internal/handler/expense.go:101.47,104.3 2 0
github.com/tsloms/server/internal/handler/expense.go:105.2,105.18 1 1
github.com/tsloms/server/internal/handler/expense.go:106.107,106.107 0 1
github.com/tsloms/server/internal/handler/expense.go:107.10,109.9 2 1
github.com/tsloms/server/internal/handler/expense.go:111.2,111.20 1 1
github.com/tsloms/server/internal/handler/expense.go:111.20,114.3 2 0
github.com/tsloms/server/internal/handler/expense.go:115.2,116.20 2 1
github.com/tsloms/server/internal/handler/expense.go:116.20,118.3 1 1
github.com/tsloms/server/internal/handler/expense.go:121.2,122.48 2 1
github.com/tsloms/server/internal/handler/expense.go:122.48,124.17 2 1
github.com/tsloms/server/internal/handler/expense.go:124.17,127.4 2 0
github.com/tsloms/server/internal/handler/expense.go:128.3,128.16 1 1
github.com/tsloms/server/internal/handler/expense.go:132.2,132.28 1 1
github.com/tsloms/server/internal/handler/expense.go:132.28,134.69 2 0
github.com/tsloms/server/internal/handler/expense.go:134.69,137.4 2 0
github.com/tsloms/server/internal/handler/expense.go:138.3,138.26 1 0
github.com/tsloms/server/internal/handler/expense.go:138.26,140.4 1 0
github.com/tsloms/server/internal/handler/expense.go:143.2,143.34 1 1
github.com/tsloms/server/internal/handler/expense.go:143.34,145.59 2 0
github.com/tsloms/server/internal/handler/expense.go:145.59,148.4 2 0
github.com/tsloms/server/internal/handler/expense.go:149.3,154.67 2 0
github.com/tsloms/server/internal/handler/expense.go:154.67,157.4 2 0
github.com/tsloms/server/internal/handler/expense.go:158.3,160.9 3 0
github.com/tsloms/server/internal/handler/expense.go:163.2,169.50 3 1
github.com/tsloms/server/internal/handler/expense.go:169.50,172.3 2 0
github.com/tsloms/server/internal/handler/expense.go:173.2,174.58 2 1
github.com/tsloms/server/internal/handler/expense.go:178.43,180.16 2 1
github.com/tsloms/server/internal/handler/expense.go:180.16,183.3 2 0
github.com/tsloms/server/internal/handler/expense.go:184.2,187.47 2 1
github.com/tsloms/server/internal/handler/expense.go:187.47,190.3 2 0
github.com/tsloms/server/internal/handler/expense.go:191.2,192.53 2 1
github.com/tsloms/server/internal/handler/expense.go:192.53,195.3 2 0
github.com/tsloms/server/internal/handler/expense.go:196.2,196.84 1 1
github.com/tsloms/server/internal/handler/expense.go:196.84,199.3 2 0
github.com/tsloms/server/internal/handler/expense.go:200.2,201.41 2 1
github.com/tsloms/server/internal/handler/expense.go:205.42,207.16 2 0
github.com/tsloms/server/internal/handler/expense.go:207.16,210.3 2 0
github.com/tsloms/server/internal/handler/expense.go:211.2,212.53 2 0
github.com/tsloms/server/internal/handler/expense.go:212.53,215.3 2 0
github.com/tsloms/server/internal/handler/expense.go:216.2,216.50 1 0
github.com/tsloms/server/internal/handler/expense.go:216.50,219.3 2 0
github.com/tsloms/server/internal/handler/expense.go:220.2,221.41 2 0
github.com/tsloms/server/internal/handler/fault.go:13.33,19.42 3 1
github.com/tsloms/server/internal/handler/fault.go:19.42,21.3 1 1
github.com/tsloms/server/internal/handler/fault.go:24.2,24.47 1 1
github.com/tsloms/server/internal/handler/fault.go:24.47,25.25 1 1
github.com/tsloms/server/internal/handler/fault.go:25.25,29.4 1 1
github.com/tsloms/server/internal/handler/fault.go:29.9,31.4 1 1
github.com/tsloms/server/internal/handler/fault.go:35.2,35.57 1 1
github.com/tsloms/server/internal/handler/fault.go:35.57,37.3 1 1
github.com/tsloms/server/internal/handler/fault.go:40.2,40.60 1 1
github.com/tsloms/server/internal/handler/fault.go:40.60,42.3 1 1
github.com/tsloms/server/internal/handler/fault.go:45.2,46.21 2 1
github.com/tsloms/server/internal/handler/fault.go:46.21,48.3 1 1
github.com/tsloms/server/internal/handler/fault.go:49.2,49.21 1 1
github.com/tsloms/server/internal/handler/fault.go:49.21,50.64 1 1
github.com/tsloms/server/internal/handler/fault.go:50.64,52.4 1 1
github.com/tsloms/server/internal/handler/fault.go:54.2,55.19 2 1
github.com/tsloms/server/internal/handler/fault.go:55.19,57.3 1 1
github.com/tsloms/server/internal/handler/fault.go:58.2,58.19 1 1
github.com/tsloms/server/internal/handler/fault.go:58.19,59.62 1 1
github.com/tsloms/server/internal/handler/fault.go:59.62,61.4 1 1
github.com/tsloms/server/internal/handler/fault.go:65.2,77.24 6 1
github.com/tsloms/server/internal/handler/fault.go:77.24,79.3 1 1
github.com/tsloms/server/internal/handler/fault.go:81.2,86.4 1 1
github.com/tsloms/server/internal/handler/fault.go:90.31,92.16 2 1
github.com/tsloms/server/internal/handler/fault.go:92.16,95.3 2 1
github.com/tsloms/server/internal/handler/fault.go:97.2,98.57 2 1
github.com/tsloms/server/internal/handler/fault.go:98.57,101.3 2 1
github.com/tsloms/server/internal/handler/fault.go:104.2,106.91 3 1
github.com/tsloms/server/internal/handler/fault.go:106.91,113.3 1 1
github.com/tsloms/server/internal/handler/fault.go:116.2,119.16 4 1
github.com/tsloms/server/internal/handler/fault.go:119.16,121.3 1 1
github.com/tsloms/server/internal/handler/fault.go:123.2,123.77 1 1
github.com/tsloms/server/internal/handler/fault.go:127.59,137.22 2 1
github.com/tsloms/server/internal/handler/fault.go:137.22,139.85 2 1
github.com/tsloms/server/internal/handler/fault.go:139.85,141.4 1 1
github.com/tsloms/server/internal/handler/fault.go:143.2,143.25 1 1
github.com/tsloms/server/internal/handler/fault.go:143.25,145.88 2 1
github.com/tsloms/server/internal/handler/fault.go:145.88,147.4 1 1
github.com/tsloms/server/internal/handler/fault.go:149.2,149.10 1 1
github.com/tsloms/server/internal/handler/fault.go:154.34,156.16 2 1
github.com/tsloms/server/internal/handler/fault.go:156.16,159.3 2 1
github.com/tsloms/server/internal/handler/fault.go:161.2,162.57 2 1
github.com/tsloms/server/internal/handler/fault.go:162.57,165.3 2 1
github.com/tsloms/server/internal/handler/fault.go:168.2,173.14 3 1
github.com/tsloms/server/internal/handler/fault.go:173.14,176.3 2 1
github.com/tsloms/server/internal/handler/fault.go:178.2,178.65 1 1
github.com/tsloms/server/internal/handler/fault.go:178.65,181.3 2 0
github.com/tsloms/server/internal/handler/fault.go:183.2,187.54 3 1
github.com/tsloms/server/internal/handler/fault.go:192.34,194.16 2 1
github.com/tsloms/server/internal/handler/fault.go:194.16,197.3 2 1
github.com/tsloms/server/internal/handler/fault.go:199.2,204.47 2 1
github.com/tsloms/server/internal/handler/fault.go:204.47,207.3 2 0
github.com/tsloms/server/internal/handler/fault.go:209.2,210.57 2 1
github.com/tsloms/server/internal/handler/fault.go:210.57,213.3 2 1
github.com/tsloms/server/internal/handler/fault.go:216.2,220.44 2 1
github.com/tsloms/server/internal/handler/fault.go:220.44,223.3 2 1
github.com/tsloms/server/internal/handler/fault.go:225.2,228.22 3 1
github.com/tsloms/server/internal/handler/fault.go:228.22,231.21 2 1
github.com/tsloms/server/internal/handler/fault.go:232.35,233.34 1 0
github.com/tsloms/server/internal/handler/fault.go:234.36,235.35 1 1
github.com/tsloms/server/internal/handler/fault.go:236.34,238.30 2 1
github.com/tsloms/server/internal/handler/fault.go:241.2,241.24 1 1
github.com/tsloms/server/internal/handler/fault.go:241.24,242.24 1 1
github.com/tsloms/server/internal/handler/fault.go:242.24,244.4 1 0
github.com/tsloms/server/internal/handler/fault.go:244.9,246.65 2 1
github.com/tsloms/server/internal/handler/fault.go:246.65,249.5 2 1
github.com/tsloms/server/internal/handler/fault.go:250.4,253.69 3 1
github.com/tsloms/server/internal/handler/fault.go:253.69,255.5 1 1
github.com/tsloms/server/internal/handler/fault.go:258.2,258.27 1 1
github.com/tsloms/server/internal/handler/fault.go:258.27,259.27 1 1
github.com/tsloms/server/internal/handler/fault.go:259.27,261.4 1 0
github.com/tsloms/server/internal/handler/fault.go:261.9,263.68 2 1
github.com/tsloms/server/internal/handler/fault.go:263.68,266.5 2 1
github.com/tsloms/server/internal/handler/fault.go:267.4,267.44 1 1
github.com/tsloms/server/internal/handler/fault.go:271.2,271.23 1 1
github.com/tsloms/server/internal/handler/fault.go:271.23,274.3 2 1
github.com/tsloms/server/internal/handler/fault.go:275.2,275.70 1 1
github.com/tsloms/server/internal/handler/fault.go:275.70,278.3 2 0
github.com/tsloms/server/internal/handler/fault.go:281.2,281.45 1 1
github.com/tsloms/server/internal/handler/fault.go:281.45,286.3 1 1
github.com/tsloms/server/internal/handler/fault.go:289.2,291.77 3 1
github.com/tsloms/server/internal/handler/fault.go:295.36,297.16 2 1
github.com/tsloms/server/internal/handler/fault.go:297.16,300.3 2 1
github.com/tsloms/server/internal/handler/fault.go:301.2,304.47 2 1
github.com/tsloms/server/internal/handler/fault.go:304.47,307.3 2 1
github.com/tsloms/server/internal/handler/fault.go:309.2,310.57 2 1
github.com/tsloms/server/internal/handler/fault.go:310.57,313.3 2 1
github.com/tsloms/server/internal/handler/fault.go:316.2,317.65 2 1
github.com/tsloms/server/internal/handler/fault.go:317.65,320.3 2 1
github.com/tsloms/server/internal/handler/fault.go:321.2,321.63 1 1
github.com/tsloms/server/internal/handler/fault.go:321.63,324.3 2 1
github.com/tsloms/server/internal/handler/fault.go:326.2,331.16 4 1
github.com/tsloms/server/internal/handler/fault.go:331.16,339.52 2 1
github.com/tsloms/server/internal/handler/fault.go:339.52,342.4 2 0
github.com/tsloms/server/internal/handler/fault.go:343.8,348.3 1 0
github.com/tsloms/server/internal/handler/fault.go:351.2,361.104 5 1
github.com/tsloms/server/internal/handler/feedback.go:12.36,16.47 3 1
github.com/tsloms/server/internal/handler/feedback.go:16.47,18.3 1 1
github.com/tsloms/server/internal/handler/feedback.go:19.2,19.49 1 1
github.com/tsloms/server/internal/handler/feedback.go:19.49,21.3 1 1
github.com/tsloms/server/internal/handler/feedback.go:22.2,22.50 1 1
github.com/tsloms/server/internal/handler/feedback.go:22.50,24.3 1 1
github.com/tsloms/server/internal/handler/feedback.go:26.2,26.43 1 1
github.com/tsloms/server/internal/handler/feedback.go:26.43,27.57 1 1
github.com/tsloms/server/internal/handler/feedback.go:27.57,29.4 1 1
github.com/tsloms/server/internal/handler/feedback.go:31.2,31.41 1 1
github.com/tsloms/server/internal/handler/feedback.go:31.41,32.57 1 1
github.com/tsloms/server/internal/handler/feedback.go:32.57,34.4 1 1
github.com/tsloms/server/internal/handler/feedback.go:37.2,40.68 4 1
github.com/tsloms/server/internal/handler/feedback.go:40.68,41.24 1 1
github.com/tsloms/server/internal/handler/feedback.go:41.24,43.4 1 1
github.com/tsloms/server/internal/handler/feedback.go:43.9,45.4 1 1
github.com/tsloms/server/internal/handler/feedback.go:48.2,52.81 5 1
github.com/tsloms/server/internal/handler/feedback.go:56.37,66.47 2 1
github.com/tsloms/server/internal/handler/feedback.go:66.47,69.3 2 1
github.com/tsloms/server/internal/handler/feedback.go:70.2,70.51 1 1
github.com/tsloms/server/internal/handler/feedback.go:70.51,73.3 2 1
github.com/tsloms/server/internal/handler/feedback.go:75.2,76.87 2 1
github.com/tsloms/server/internal/handler/feedback.go:76.87,79.3 2 1
github.com/tsloms/server/internal/handler/feedback.go:80.2,91.27 2 1
github.com/tsloms/server/internal/handler/feedback.go:91.27,93.3 1 1
github.com/tsloms/server/internal/handler/feedback.go:94.2,94.51 1 1
github.com/tsloms/server/internal/handler/feedback.go:94.51,97.3 2 0
github.com/tsloms/server/internal/handler/feedback.go:98.2,99.63 2 1
github.com/tsloms/server/internal/handler/feedback.go:103.43,105.16 2 1
github.com/tsloms/server/internal/handler/feedback.go:105.16,108.3 2 1
github.com/tsloms/server/internal/handler/feedback.go:109.2,113.47 2 1
github.com/tsloms/server/internal/handler/feedback.go:113.47,116.3 2 0
github.com/tsloms/server/internal/handler/feedback.go:117.2,118.54 2 1
github.com/tsloms/server/internal/handler/feedback.go:118.54,121.3 2 1
github.com/tsloms/server/internal/handler/feedback.go:122.2,123.22 2 1
github.com/tsloms/server/internal/handler/feedback.go:123.22,125.25 2 1
github.com/tsloms/server/internal/handler/feedback.go:125.25,128.4 2 1
github.com/tsloms/server/internal/handler/feedback.go:129.3,129.33 1 1
github.com/tsloms/server/internal/handler/feedback.go:131.2,131.28 1 1
github.com/tsloms/server/internal/handler/feedback.go:131.28,133.3 1 1
github.com/tsloms/server/internal/handler/feedback.go:134.2,134.22 1 1
github.com/tsloms/server/internal/handler/feedback.go:134.22,135.68 1 1
github.com/tsloms/server/internal/handler/feedback.go:135.68,138.4 2 0
github.com/tsloms/server/internal/handler/feedback.go:140.2,141.57 2 1
github.com/tsloms/server/internal/handler/firmware.go:21.27,23.15 2 1
github.com/tsloms/server/internal/handler/firmware.go:23.15,25.3 1 1
github.com/tsloms/server/internal/handler/firmware.go:26.2,26.39 1 1
github.com/tsloms/server/internal/handler/firmware.go:30.33,32.13 2 1
github.com/tsloms/server/internal/handler/firmware.go:32.13,34.3 1 0
github.com/tsloms/server/internal/handler/firmware.go:35.2,35.24 1 1
github.com/tsloms/server/internal/handler/firmware.go:42.61,44.14 2 1
github.com/tsloms/server/internal/handler/firmware.go:44.14,46.3 1 1
github.com/tsloms/server/internal/handler/firmware.go:47.2,47.29 1 1
github.com/tsloms/server/internal/handler/firmware.go:47.29,50.3 2 1
github.com/tsloms/server/internal/handler/firmware.go:51.2,51.39 1 1
github.com/tsloms/server/internal/handler/firmware.go:55.36,59.62 3 1
github.com/tsloms/server/internal/handler/firmware.go:59.62,61.3 1 1
github.com/tsloms/server/internal/handler/firmware.go:63.2,71.25 6 1
github.com/tsloms/server/internal/handler/firmware.go:71.25,73.3 1 1
github.com/tsloms/server/internal/handler/firmware.go:75.2,75.82 1 1
github.com/tsloms/server/internal/handler/firmware.go:78.50,86.2 1 1
github.com/tsloms/server/internal/handler/firmware.go:90.37,93.19 3 1
github.com/tsloms/server/internal/handler/firmware.go:93.19,96.3 2 0
github.com/tsloms/server/internal/handler/firmware.go:97.2,98.16 2 1
github.com/tsloms/server/internal/handler/firmware.go:98.16,101.3 2 0
github.com/tsloms/server/internal/handler/firmware.go:103.2,104.16 2 1
github.com/tsloms/server/internal/handler/firmware.go:104.16,107.3 2 0
github.com/tsloms/server/internal/handler/firmware.go:109.2,110.25 2 1
github.com/tsloms/server/internal/handler/firmware.go:110.25,113.3 2 0
github.com/tsloms/server/internal/handler/firmware.go:115.2,115.30 1 1
github.com/tsloms/server/internal/handler/firmware.go:115.30,118.3 2 0
github.com/tsloms/server/internal/handler/firmware.go:121.2,122.98 2 1
github.com/tsloms/server/internal/handler/firmware.go:122.98,125.3 2 0
github.com/tsloms/server/internal/handler/firmware.go:127.2,128.48 2 1
github.com/tsloms/server/internal/handler/firmware.go:128.48,131.3 2 0
github.com/tsloms/server/internal/handler/firmware.go:132.2,137.56 5 1
github.com/tsloms/server/internal/handler/firmware.go:137.56,140.3 2 0
github.com/tsloms/server/internal/handler/firmware.go:143.2,147.20 4 1
github.com/tsloms/server/internal/handler/firmware.go:147.20,149.3 1 1
github.com/tsloms/server/internal/handler/firmware.go:152.2,168.52 3 1
github.com/tsloms/server/internal/handler/firmware.go:168.52,172.3 3 0
github.com/tsloms/server/internal/handler/firmware.go:173.2,174.87 2 1
github.com/tsloms/server/internal/handler/firmware.go:178.34,180.16 2 1
github.com/tsloms/server/internal/handler/firmware.go:180.16,183.3 2 1
github.com/tsloms/server/internal/handler/firmware.go:184.2,185.53 2 1
github.com/tsloms/server/internal/handler/firmware.go:185.53,188.3 2 1
github.com/tsloms/server/internal/handler/firmware.go:189.2,189.43 1 1
github.com/tsloms/server/internal/handler/firmware.go:193.37,195.16 2 1
github.com/tsloms/server/internal/handler/firmware.go:195.16,198.3 2 0
github.com/tsloms/server/internal/handler/firmware.go:199.2,203.47 2 1
github.com/tsloms/server/internal/handler/firmware.go:203.47,206.3 2 0
github.com/tsloms/server/internal/handler/firmware.go:207.2,208.53 2 1
github.com/tsloms/server/internal/handler/firmware.go:208.53,211.3 2 1
github.com/tsloms/server/internal/handler/firmware.go:212.2,213.27 2 1
github.com/tsloms/server/internal/handler/firmware.go:213.27,215.3 1 1
github.com/tsloms/server/internal/handler/firmware.go:216.2,216.51 1 1
github.com/tsloms/server/internal/handler/firmware.go:216.51,218.18 2 1
github.com/tsloms/server/internal/handler/firmware.go:218.18,221.4 2 1
github.com/tsloms/server/internal/handler/firmware.go:222.3,223.86 2 1
github.com/tsloms/server/internal/handler/firmware.go:223.86,226.4 2 1
github.com/tsloms/server/internal/handler/firmware.go:227.3,231.56 5 1
github.com/tsloms/server/internal/handler/firmware.go:233.2,233.22 1 1
github.com/tsloms/server/internal/handler/firmware.go:233.22,234.67 1 1
github.com/tsloms/server/internal/handler/firmware.go:234.67,237.4 2 0
github.com/tsloms/server/internal/handler/firmware.go:239.2,240.41 2 1
github.com/tsloms/server/internal/handler/firmware.go:245.38,247.16 2 1
github.com/tsloms/server/internal/handler/firmware.go:247.16,250.3 2 1
github.com/tsloms/server/internal/handler/firmware.go:251.2,254.47 2 1
github.com/tsloms/server/internal/handler/firmware.go:254.47,257.3 2 0
github.com/tsloms/server/internal/handler/firmware.go:258.2,259.53 2 1
github.com/tsloms/server/internal/handler/firmware.go:259.53,262.3 2 1
github.com/tsloms/server/internal/handler/firmware.go:263.2,265.19 3 1
github.com/tsloms/server/internal/handler/firmware.go:265.19,268.3 2 1
github.com/tsloms/server/internal/handler/firmware.go:269.2,270.66 2 1
github.com/tsloms/server/internal/handler/firmware.go:270.66,273.3 2 0
github.com/tsloms/server/internal/handler/firmware.go:274.2,275.19 2 1
github.com/tsloms/server/internal/handler/firmware.go:275.19,277.3 1 1
github.com/tsloms/server/internal/handler/firmware.go:278.2,279.44 2 1
github.com/tsloms/server/internal/handler/firmware.go:283.37,285.16 2 1
github.com/tsloms/server/internal/handler/firmware.go:285.16,288.3 2 0
github.com/tsloms/server/internal/handler/firmware.go:289.2,290.53 2 1
github.com/tsloms/server/internal/handler/firmware.go:290.53,293.3 2 1
github.com/tsloms/server/internal/handler/firmware.go:294.2,294.50 1 1
github.com/tsloms/server/internal/handler/firmware.go:294.50,297.3 2 0
github.com/tsloms/server/internal/handler/firmware.go:299.2,299.22 1 1
github.com/tsloms/server/internal/handler/firmware.go:299.22,302.3 2 1
github.com/tsloms/server/internal/handler/firmware.go:303.2,304.41 2 1
github.com/tsloms/server/internal/handler/firmware.go:308.43,312.49 3 1
github.com/tsloms/server/internal/handler/firmware.go:312.49,314.3 1 1
github.com/tsloms/server/internal/handler/firmware.go:315.2,315.39 1 1
github.com/tsloms/server/internal/handler/firmware.go:315.39,317.3 1 0
github.com/tsloms/server/internal/handler/firmware.go:318.2,326.25 6 1
github.com/tsloms/server/internal/handler/firmware.go:326.25,332.3 1 1
github.com/tsloms/server/internal/handler/firmware.go:333.2,333.82 1 1
github.com/tsloms/server/internal/handler/firmware.go:338.44,343.47 2 1
github.com/tsloms/server/internal/handler/firmware.go:343.47,346.3 2 1
github.com/tsloms/server/internal/handler/firmware.go:348.2,349.86 2 1
github.com/tsloms/server/internal/handler/firmware.go:349.86,352.3 2 1
github.com/tsloms/server/internal/handler/firmware.go:354.2,355.66 2 1
github.com/tsloms/server/internal/handler/firmware.go:355.66,358.3 2 1
github.com/tsloms/server/internal/handler/firmware.go:359.2,359.19 1 1
github.com/tsloms/server/internal/handler/firmware.go:359.19,362.3 2 1
github.com/tsloms/server/internal/handler/firmware.go:365.2,367.105 2 1
github.com/tsloms/server/internal/handler/firmware.go:367.105,370.3 2 1
github.com/tsloms/server/internal/handler/firmware.go:372.2,380.52 3 1
github.com/tsloms/server/internal/handler/firmware.go:380.52,383.3 2 0
github.com/tsloms/server/internal/handler/firmware.go:384.2,385.68 2 1
github.com/tsloms/server/internal/handler/firmware.go:389.44,391.16 2 1
github.com/tsloms/server/internal/handler/firmware.go:391.16,394.3 2 1
github.com/tsloms/server/internal/handler/firmware.go:395.2,396.53 2 1
github.com/tsloms/server/internal/handler/firmware.go:396.53,399.3 2 1
github.com/tsloms/server/internal/handler/firmware.go:400.2,400.50 1 1
github.com/tsloms/server/internal/handler/firmware.go:400.50,403.3 2 0
github.com/tsloms/server/internal/handler/firmware.go:404.2,405.41 2 1
github.com/tsloms/server/internal/handler/firmware.go:411.37,412.13 1 1
github.com/tsloms/server/internal/handler/firmware.go:413.53,414.14 1 1
github.com/tsloms/server/internal/handler/firmware.go:416.2,416.14 1 1
github.com/tsloms/server/internal/handler/firmware.go:420.34,422.16 2 1
github.com/tsloms/server/internal/handler/firmware.go:422.16,424.3 1 0
github.com/tsloms/server/internal/handler/firmware.go:425.2,427.41 3 1
github.com/tsloms/server/internal/handler/firmware.go:427.41,429.3 1 0
github.com/tsloms/server/internal/handler/firmware.go:430.2,430.39 1 1
github.com/tsloms/server/internal/handler/intersection.go:12.40,35.27 8 1
github.com/tsloms/server/internal/handler/intersection.go:35.27,37.3 1 1
github.com/tsloms/server/internal/handler/intersection.go:39.2,39.28 1 1
github.com/tsloms/server/internal/handler/intersection.go:39.28,41.15 2 1
github.com/tsloms/server/internal/handler/intersection.go:41.15,44.4 2 1
github.com/tsloms/server/internal/handler/intersection.go:45.3,46.21 2 1
github.com/tsloms/server/internal/handler/intersection.go:46.21,48.4 1 1
github.com/tsloms/server/internal/handler/intersection.go:49.3,49.27 1 1
github.com/tsloms/server/internal/handler/intersection.go:49.27,51.4 1 1
github.com/tsloms/server/internal/handler/intersection.go:55.2,65.27 3 1
github.com/tsloms/server/internal/handler/intersection.go:65.27,75.3 1 1
github.com/tsloms/server/internal/handler/intersection.go:78.2,78.35 1 1
github.com/tsloms/server/internal/handler/intersection.go:78.35,79.40 1 1
github.com/tsloms/server/internal/handler/intersection.go:79.40,80.53 1 1
github.com/tsloms/server/internal/handler/intersection.go:80.53,82.5 1 0
github.com/tsloms/server/internal/handler/intersection.go:86.2,86.52 1 1
github.com/tsloms/server/internal/handler/intersection.go:91.41,96.47 2 0
github.com/tsloms/server/internal/handler/intersection.go:96.47,99.3 2 0
github.com/tsloms/server/internal/handler/intersection.go:100.2,100.24 1 0
github.com/tsloms/server/internal/handler/intersection.go:100.24,103.3 2 0
github.com/tsloms/server/internal/handler/intersection.go:104.2,105.22 2 0
github.com/tsloms/server/internal/handler/intersection.go:105.22,108.3 2 0
github.com/tsloms/server/internal/handler/intersection.go:109.2,110.77 2 0
github.com/tsloms/server/internal/handler/intersection.go:114.46,120.47 2 0
github.com/tsloms/server/internal/handler/intersection.go:120.47,123.3 2 0
github.com/tsloms/server/internal/handler/intersection.go:124.2,124.70 1 0
github.com/tsloms/server/internal/handler/intersection.go:124.70,127.3 2 0
github.com/tsloms/server/internal/handler/intersection.go:128.2,131.22 2 0
github.com/tsloms/server/internal/handler/intersection.go:131.22,134.3 2 0
github.com/tsloms/server/internal/handler/intersection.go:135.2,136.83 2 0
github.com/tsloms/server/internal/handler/intersection.go:141.40,143.24 2 0
github.com/tsloms/server/internal/handler/intersection.go:143.24,146.3 2 0
github.com/tsloms/server/internal/handler/intersection.go:147.2,148.22 2 0
github.com/tsloms/server/internal/handler/intersection.go:148.22,151.3 2 0
github.com/tsloms/server/internal/handler/intersection.go:152.2,153.74 2 0
github.com/tsloms/server/internal/handler/inventory.go:14.38,18.40 3 0
github.com/tsloms/server/internal/handler/inventory.go:18.40,21.3 2 0
github.com/tsloms/server/internal/handler/inventory.go:22.2,22.43 1 0
github.com/tsloms/server/internal/handler/inventory.go:22.43,24.3 1 0
github.com/tsloms/server/internal/handler/inventory.go:25.2,25.39 1 0
github.com/tsloms/server/internal/handler/inventory.go:25.39,27.3 1 0
github.com/tsloms/server/internal/handler/inventory.go:28.2,28.62 1 0
github.com/tsloms/server/internal/handler/inventory.go:28.62,30.3 1 0
github.com/tsloms/server/internal/handler/inventory.go:31.2,31.47 1 0
github.com/tsloms/server/internal/handler/inventory.go:31.47,33.3 1 0
github.com/tsloms/server/internal/handler/inventory.go:35.2,42.25 6 0
github.com/tsloms/server/internal/handler/inventory.go:42.25,44.3 1 0
github.com/tsloms/server/internal/handler/inventory.go:45.2,45.82 1 0
github.com/tsloms/server/internal/handler/inventory.go:48.43,57.2 1 1
github.com/tsloms/server/internal/handler/inventory.go:60.36,74.2 7 0
github.com/tsloms/server/internal/handler/inventory.go:77.35,93.47 2 1
github.com/tsloms/server/internal/handler/inventory.go:93.47,96.3 2 0
github.com/tsloms/server/internal/handler/inventory.go:97.2,98.20 2 1
github.com/tsloms/server/internal/handler/inventory.go:98.20,100.3 1 1
github.com/tsloms/server/internal/handler/inventory.go:103.2,103.35 1 1
github.com/tsloms/server/internal/handler/inventory.go:103.35,104.21 1 1
github.com/tsloms/server/internal/handler/inventory.go:104.21,107.4 2 0
github.com/tsloms/server/internal/handler/inventory.go:108.3,109.80 2 1
github.com/tsloms/server/internal/handler/inventory.go:109.80,112.4 2 1
github.com/tsloms/server/internal/handler/inventory.go:115.2,116.18 2 1
github.com/tsloms/server/internal/handler/inventory.go:116.18,118.3 1 1
github.com/tsloms/server/internal/handler/inventory.go:120.2,120.34 1 1
github.com/tsloms/server/internal/handler/inventory.go:120.34,122.59 2 0
github.com/tsloms/server/internal/handler/inventory.go:122.59,125.4 2 0
github.com/tsloms/server/internal/handler/inventory.go:126.3,131.67 2 0
github.com/tsloms/server/internal/handler/inventory.go:131.67,134.4 2 0
github.com/tsloms/server/internal/handler/inventory.go:135.3,137.9 3 0
github.com/tsloms/server/internal/handler/inventory.go:140.2,145.50 2 1
github.com/tsloms/server/internal/handler/inventory.go:145.50,148.3 2 0
github.com/tsloms/server/internal/handler/inventory.go:150.2,150.17 1 1
github.com/tsloms/server/internal/handler/inventory.go:150.17,156.3 1 1
github.com/tsloms/server/internal/handler/inventory.go:157.2,158.73 2 1
github.com/tsloms/server/internal/handler/inventory.go:162.39,164.16 2 0
github.com/tsloms/server/internal/handler/inventory.go:164.16,167.3 2 0
github.com/tsloms/server/internal/handler/inventory.go:168.2,169.53 2 0
github.com/tsloms/server/internal/handler/inventory.go:169.53,172.3 2 0
github.com/tsloms/server/internal/handler/inventory.go:173.2,173.50 1 0
github.com/tsloms/server/internal/handler/inventory.go:173.50,176.3 2 0
github.com/tsloms/server/internal/handler/inventory.go:177.2,178.41 2 0
github.com/tsloms/server/internal/handler/inventory.go:184.41,188.46 3 0
github.com/tsloms/server/internal/handler/inventory.go:188.46,190.3 1 0
github.com/tsloms/server/internal/handler/inventory.go:191.2,191.39 1 0
github.com/tsloms/server/internal/handler/inventory.go:191.39,193.3 1 0
github.com/tsloms/server/internal/handler/inventory.go:194.2,194.41 1 0
github.com/tsloms/server/internal/handler/inventory.go:194.41,196.3 1 0
github.com/tsloms/server/internal/handler/inventory.go:197.2,197.35 1 0
github.com/tsloms/server/internal/handler/inventory.go:197.35,199.3 1 0
github.com/tsloms/server/internal/handler/inventory.go:201.2,206.81 5 0
github.com/tsloms/server/internal/handler/inventory.go:211.42,218.47 2 1
github.com/tsloms/server/internal/handler/inventory.go:218.47,221.3 2 0
github.com/tsloms/server/internal/handler/inventory.go:222.2,222.18 1 1
github.com/tsloms/server/internal/handler/inventory.go:223.113,223.113 0 1
github.com/tsloms/server/internal/handler/inventory.go:224.10,226.9 2 0
github.com/tsloms/server/internal/handler/inventory.go:228.2,228.23 1 1
github.com/tsloms/server/internal/handler/inventory.go:228.23,231.3 2 0
github.com/tsloms/server/internal/handler/inventory.go:232.2,233.20 2 1
github.com/tsloms/server/internal/handler/inventory.go:233.20,235.3 1 1
github.com/tsloms/server/internal/handler/inventory.go:237.2,238.65 2 1
github.com/tsloms/server/internal/handler/inventory.go:238.65,241.3 2 0
github.com/tsloms/server/internal/handler/inventory.go:244.2,245.37 2 1
github.com/tsloms/server/internal/handler/inventory.go:245.37,247.3 1 1
github.com/tsloms/server/internal/handler/inventory.go:248.2,249.39 2 1
github.com/tsloms/server/internal/handler/inventory.go:249.39,251.3 1 0
github.com/tsloms/server/internal/handler/inventory.go:252.2,253.18 2 1
github.com/tsloms/server/internal/handler/inventory.go:253.18,256.3 2 1
github.com/tsloms/server/internal/handler/inventory.go:258.2,262.54 3 1
github.com/tsloms/server/internal/handler/inventory.go:262.54,263.70 1 1
github.com/tsloms/server/internal/handler/inventory.go:263.70,265.4 1 0
github.com/tsloms/server/internal/handler/inventory.go:266.3,270.11 1 1
github.com/tsloms/server/internal/handler/inventory.go:272.2,272.16 1 1
github.com/tsloms/server/internal/handler/inventory.go:272.16,275.3 2 0
github.com/tsloms/server/internal/handler/inventory.go:276.2,277.63 2 1
github.com/tsloms/server/internal/handler/inventory.go:283.39,290.47 2 1
github.com/tsloms/server/internal/handler/inventory.go:290.47,293.3 2 0
github.com/tsloms/server/internal/handler/inventory.go:294.2,294.23 1 1
github.com/tsloms/server/internal/handler/inventory.go:294.23,297.3 2 0
github.com/tsloms/server/internal/handler/inventory.go:298.2,299.20 2 1
github.com/tsloms/server/internal/handler/inventory.go:299.20,301.3 1 1
github.com/tsloms/server/internal/handler/inventory.go:304.2,305.67 2 1
github.com/tsloms/server/internal/handler/inventory.go:305.67,308.3 2 1
github.com/tsloms/server/internal/handler/inventory.go:311.2,312.65 2 1
github.com/tsloms/server/internal/handler/inventory.go:312.65,315.3 2 0
github.com/tsloms/server/internal/handler/inventory.go:318.2,318.28 1 1
github.com/tsloms/server/internal/handler/inventory.go:318.28,321.3 2 1
github.com/tsloms/server/internal/handler/inventory.go:322.2,328.54 4 1
github.com/tsloms/server/internal/handler/inventory.go:328.54,329.70 1 1
github.com/tsloms/server/internal/handler/inventory.go:329.70,331.4 1 0
github.com/tsloms/server/internal/handler/inventory.go:332.3,344.24 1 1
github.com/tsloms/server/internal/handler/inventory.go:344.24,346.4 1 0
github.com/tsloms/server/internal/handler/inventory.go:348.3,359.11 2 1
github.com/tsloms/server/internal/handler/inventory.go:361.2,361.16 1 1
github.com/tsloms/server/internal/handler/inventory.go:361.16,364.3 2 0
github.com/tsloms/server/internal/handler/inventory.go:365.2,367.87 2 1
github.com/tsloms/server/internal/handler/log.go:13.37,19.49 3 1
github.com/tsloms/server/internal/handler/log.go:19.49,21.3 1 0
github.com/tsloms/server/internal/handler/log.go:23.2,23.51 1 1
github.com/tsloms/server/internal/handler/log.go:23.51,25.3 1 0
github.com/tsloms/server/internal/handler/log.go:27.2,27.44 1 1
github.com/tsloms/server/internal/handler/log.go:27.44,29.3 1 1
github.com/tsloms/server/internal/handler/log.go:31.2,31.49 1 1
github.com/tsloms/server/internal/handler/log.go:31.49,32.60 1 0
github.com/tsloms/server/internal/handler/log.go:32.60,34.4 1 0
github.com/tsloms/server/internal/handler/log.go:36.2,36.43 1 1
github.com/tsloms/server/internal/handler/log.go:36.43,37.58 1 0
github.com/tsloms/server/internal/handler/log.go:37.58,39.4 1 0
github.com/tsloms/server/internal/handler/log.go:42.2,56.4 5 1
github.com/tsloms/server/internal/handler/log.go:61.40,67.53 3 1
github.com/tsloms/server/internal/handler/log.go:67.53,69.3 1 0
github.com/tsloms/server/internal/handler/log.go:71.2,71.47 1 1
github.com/tsloms/server/internal/handler/log.go:71.47,73.3 1 0
github.com/tsloms/server/internal/handler/log.go:75.2,75.49 1 1
github.com/tsloms/server/internal/handler/log.go:75.49,76.60 1 0
github.com/tsloms/server/internal/handler/log.go:76.60,78.4 1 0
github.com/tsloms/server/internal/handler/log.go:80.2,80.43 1 1
github.com/tsloms/server/internal/handler/log.go:80.43,81.58 1 0
github.com/tsloms/server/internal/handler/log.go:81.58,83.4 1 0
github.com/tsloms/server/internal/handler/log.go:86.2,100.4 5 1
github.com/tsloms/server/internal/handler/log.go:104.69,108.20 3 1
github.com/tsloms/server/internal/handler/log.go:108.20,110.3 1 1
github.com/tsloms/server/internal/handler/log.go:111.2,119.52 2 1
github.com/tsloms/server/internal/handler/log.go:119.52,121.3 1 0
github.com/tsloms/server/internal/handler/media.go:20.24,22.15 2 0
github.com/tsloms/server/internal/handler/media.go:22.15,24.3 1 0
github.com/tsloms/server/internal/handler/media.go:25.2,25.12 1 0
github.com/tsloms/server/internal/handler/media.go:29.30,31.13 2 0
github.com/tsloms/server/internal/handler/media.go:31.13,33.3 1 0
github.com/tsloms/server/internal/handler/media.go:34.2,34.10 1 0
github.com/tsloms/server/internal/handler/media.go:39.38,43.49 3 0
github.com/tsloms/server/internal/handler/media.go:43.49,45.3 1 0
github.com/tsloms/server/internal/handler/media.go:46.2,46.43 1 0
github.com/tsloms/server/internal/handler/media.go:46.43,48.3 1 0
github.com/tsloms/server/internal/handler/media.go:49.2,49.41 1 0
github.com/tsloms/server/internal/handler/media.go:49.41,51.3 1 0
github.com/tsloms/server/internal/handler/media.go:53.2,60.81 5 0
github.com/tsloms/server/internal/handler/media.go:65.40,68.21 3 0
github.com/tsloms/server/internal/handler/media.go:68.21,70.3 1 0
github.com/tsloms/server/internal/handler/media.go:71.2,81.16 8 0
github.com/tsloms/server/internal/handler/media.go:81.16,84.3 2 0
github.com/tsloms/server/internal/handler/media.go:87.2,87.57 1 0
github.com/tsloms/server/internal/handler/media.go:87.57,88.25 1 0
github.com/tsloms/server/internal/handler/media.go:88.25,91.4 2 0
github.com/tsloms/server/internal/handler/media.go:95.2,96.16 2 0
github.com/tsloms/server/internal/handler/media.go:96.16,99.3 2 0
github.com/tsloms/server/internal/handler/media.go:102.2,104.19 3 0
github.com/tsloms/server/internal/handler/media.go:104.19,107.3 2 0
github.com/tsloms/server/internal/handler/media.go:109.2,109.31 1 0
github.com/tsloms/server/internal/handler/media.go:109.31,112.3 2 0
github.com/tsloms/server/internal/handler/media.go:115.2,116.16 2 0
github.com/tsloms/server/internal/handler/media.go:116.16,119.3 2 0
github.com/tsloms/server/internal/handler/media.go:120.2,123.11 4 0
github.com/tsloms/server/internal/handler/media.go:123.11,124.58 1 0
github.com/tsloms/server/internal/handler/media.go:124.58,127.4 2 0
github.com/tsloms/server/internal/handler/media.go:131.2,132.48 2 0
github.com/tsloms/server/internal/handler/media.go:132.48,135.3 2 0
github.com/tsloms/server/internal/handler/media.go:138.2,140.56 3 0
github.com/tsloms/server/internal/handler/media.go:140.56,143.3 2 0
github.com/tsloms/server/internal/handler/media.go:146.2,163.54 3 0
github.com/tsloms/server/internal/handler/media.go:163.54,167.3 3 0
github.com/tsloms/server/internal/handler/media.go:170.2,172.57 2 0
github.com/tsloms/server/internal/handler/media.go:177.38,189.47 2 0
github.com/tsloms/server/internal/handler/media.go:189.47,192.3 2 0
github.com/tsloms/server/internal/handler/media.go:196.2,196.23 1 0
github.com/tsloms/server/internal/handler/media.go:197.51,197.51 0 0
github.com/tsloms/server/internal/handler/media.go:198.10,200.9 2 0
github.com/tsloms/server/internal/handler/media.go:204.2,204.30 1 0
github.com/tsloms/server/internal/handler/media.go:204.30,207.3 2 0
github.com/tsloms/server/internal/handler/media.go:210.2,210.67 1 0
github.com/tsloms/server/internal/handler/media.go:210.67,213.3 2 0
github.com/tsloms/server/internal/handler/media.go:216.2,217.86 2 0
github.com/tsloms/server/internal/handler/media.go:217.86,220.3 2 0
github.com/tsloms/server/internal/handler/media.go:223.2,225.39 3 0
github.com/tsloms/server/internal/handler/media.go:225.39,227.3 1 0
github.com/tsloms/server/internal/handler/media.go:230.2,231.12 2 0
github.com/tsloms/server/internal/handler/media.go:231.12,233.3 1 0
github.com/tsloms/server/internal/handler/media.go:235.2,248.54 2 0
github.com/tsloms/server/internal/handler/media.go:248.54,251.3 2 0
github.com/tsloms/server/internal/handler/media.go:252.2,254.19 3 0
github.com/tsloms/server/internal/handler/media.go:254.19,256.3 1 0
github.com/tsloms/server/internal/handler/media.go:257.2,257.13 1 0
github.com/tsloms/server/internal/handler/media.go:261.40,263.16 2 0
github.com/tsloms/server/internal/handler/media.go:263.16,266.3 2 0
github.com/tsloms/server/internal/handler/media.go:267.2,268.57 2 0
github.com/tsloms/server/internal/handler/media.go:268.57,271.3 2 0
github.com/tsloms/server/internal/handler/media.go:272.2,272.54 1 0
github.com/tsloms/server/internal/handler/media.go:272.54,275.3 2 0
github.com/tsloms/server/internal/handler/media.go:277.2,277.45 1 0
github.com/tsloms/server/internal/handler/media.go:277.45,279.3 1 0
github.com/tsloms/server/internal/handler/media.go:280.2,281.41 2 0
github.com/tsloms/server/internal/handler/media.go:285.36,286.13 1 0
github.com/tsloms/server/internal/handler/media.go:287.39,288.26 1 0
github.com/tsloms/server/internal/handler/media.go:289.10,290.26 1 0
github.com/tsloms/server/internal/handler/media.go:295.38,296.41 1 0
github.com/tsloms/server/internal/handler/media.go:296.41,298.3 1 0
github.com/tsloms/server/internal/handler/media.go:299.2,299.11 1 0
github.com/tsloms/server/internal/handler/media.go:303.36,307.75 3 1
github.com/tsloms/server/internal/handler/media.go:307.75,308.67 1 1
github.com/tsloms/server/internal/handler/media.go:308.67,310.4 1 1
github.com/tsloms/server/internal/handler/media.go:312.2,312.14 1 1
github.com/tsloms/server/internal/handler/media.go:317.48,318.13 1 0
github.com/tsloms/server/internal/handler/media.go:318.13,320.3 1 0
github.com/tsloms/server/internal/handler/media.go:321.2,321.23 1 0
github.com/tsloms/server/internal/handler/media.go:321.23,322.27 1 0
github.com/tsloms/server/internal/handler/media.go:322.27,324.4 1 0
github.com/tsloms/server/internal/handler/media.go:326.2,327.23 2 0
github.com/tsloms/server/internal/handler/media.go:327.23,329.25 2 0
github.com/tsloms/server/internal/handler/media.go:329.25,331.4 1 0
github.com/tsloms/server/internal/handler/media.go:333.2,333.23 1 0
github.com/tsloms/server/internal/handler/media.go:338.45,339.20 1 0
github.com/tsloms/server/internal/handler/media.go:339.20,341.3 1 0
github.com/tsloms/server/internal/handler/media.go:342.2,344.11 3 0
github.com/tsloms/server/internal/handler/media.go:344.11,346.3 1 0
github.com/tsloms/server/internal/handler/media.go:347.2,347.11 1 0
github.com/tsloms/server/internal/handler/media.go:347.11,351.3 1 0
github.com/tsloms/server/internal/handler/media.go:352.2,352.14 1 0
github.com/tsloms/server/internal/handler/notification.go:15.43,18.36 3 1
github.com/tsloms/server/internal/handler/notification.go:18.36,19.53 1 1
github.com/tsloms/server/internal/handler/notification.go:19.53,21.4 1 0
github.com/tsloms/server/internal/handler/notification.go:23.2,25.65 3 1
github.com/tsloms/server/internal/handler/notification.go:29.37,32.2 2 1
github.com/tsloms/server/internal/handler/notification.go:35.42,37.16 2 1
github.com/tsloms/server/internal/handler/notification.go:37.16,40.3 2 1
github.com/tsloms/server/internal/handler/notification.go:41.2,42.63 2 1
github.com/tsloms/server/internal/handler/notification.go:42.63,45.3 2 0
github.com/tsloms/server/internal/handler/notification.go:46.2,46.24 1 1
github.com/tsloms/server/internal/handler/notification.go:50.46,52.60 2 1
github.com/tsloms/server/internal/handler/notification.go:52.60,55.3 2 0
github.com/tsloms/server/internal/handler/notification.go:56.2,56.26 1 1
github.com/tsloms/server/internal/handler/proxy.go:16.37,20.35 4 1
github.com/tsloms/server/internal/handler/proxy.go:20.35,23.3 2 1
github.com/tsloms/server/internal/handler/proxy.go:26.2,32.16 5 0
github.com/tsloms/server/internal/handler/proxy.go:32.16,35.3 2 0
github.com/tsloms/server/internal/handler/proxy.go:36.2,40.16 3 0
github.com/tsloms/server/internal/handler/proxy.go:40.16,43.3 2 0
github.com/tsloms/server/internal/handler/proxy.go:44.2,46.38 2 0
github.com/tsloms/server/internal/handler/proxy.go:46.38,49.3 2 0
github.com/tsloms/server/internal/handler/proxy.go:52.2,55.30 4 0
github.com/tsloms/server/internal/handler/proxy.go:59.37,64.35 5 1
github.com/tsloms/server/internal/handler/proxy.go:64.35,67.3 2 1
github.com/tsloms/server/internal/handler/proxy.go:68.2,70.18 3 0
github.com/tsloms/server/internal/handler/proxy.go:70.18,72.3 1 0
github.com/tsloms/server/internal/handler/proxy.go:73.2,77.16 4 0
github.com/tsloms/server/internal/handler/proxy.go:77.16,80.3 2 0
github.com/tsloms/server/internal/handler/proxy.go:81.2,85.16 4 0
github.com/tsloms/server/internal/handler/proxy.go:85.16,88.3 2 0
github.com/tsloms/server/internal/handler/proxy.go:89.2,90.38 2 0
github.com/tsloms/server/internal/handler/proxy.go:90.38,93.3 2 0
github.com/tsloms/server/internal/handler/proxy.go:94.2,97.30 4 0
github.com/tsloms/server/internal/handler/proxy.go:101.33,103.23 2 1
github.com/tsloms/server/internal/handler/proxy.go:103.23,104.27 1 1
github.com/tsloms/server/internal/handler/proxy.go:104.27,105.9 1 1
github.com/tsloms/server/internal/handler/proxy.go:107.3,107.25 1 1
github.com/tsloms/server/internal/handler/proxy.go:109.2,109.10 1 1
github.com/tsloms/server/internal/handler/purchase.go:13.103,15.27 2 0
github.com/tsloms/server/internal/handler/purchase.go:15.27,20.3 1 0
github.com/tsloms/server/internal/handler/purchase.go:21.2,26.3 1 0
github.com/tsloms/server/internal/handler/purchase.go:30.41,33.41 3 0
github.com/tsloms/server/internal/handler/purchase.go:33.41,35.3 1 0
github.com/tsloms/server/internal/handler/purchase.go:36.2,36.46 1 0
github.com/tsloms/server/internal/handler/purchase.go:36.46,38.3 1 0
github.com/tsloms/server/internal/handler/purchase.go:39.2,39.39 1 0
github.com/tsloms/server/internal/handler/purchase.go:39.39,41.3 1 0
github.com/tsloms/server/internal/handler/purchase.go:42.2,48.26 6 0
github.com/tsloms/server/internal/handler/purchase.go:48.26,51.65 3 0
github.com/tsloms/server/internal/handler/purchase.go:51.65,53.4 1 0
github.com/tsloms/server/internal/handler/purchase.go:54.3,54.54 1 0
github.com/tsloms/server/internal/handler/purchase.go:56.2,56.82 1 0
github.com/tsloms/server/internal/handler/purchase.go:60.39,62.16 2 0
github.com/tsloms/server/internal/handler/purchase.go:62.16,65.3 2 0
github.com/tsloms/server/internal/handler/purchase.go:66.2,67.54 2 0
github.com/tsloms/server/internal/handler/purchase.go:67.54,70.3 2 0
github.com/tsloms/server/internal/handler/purchase.go:71.2,73.64 3 0
github.com/tsloms/server/internal/handler/purchase.go:73.64,75.3 1 0
github.com/tsloms/server/internal/handler/purchase.go:76.2,78.58 3 0
github.com/tsloms/server/internal/handler/purchase.go:83.42,93.47 2 1
github.com/tsloms/server/internal/handler/purchase.go:93.47,96.3 2 0
github.com/tsloms/server/internal/handler/purchase.go:97.2,97.25 1 1
github.com/tsloms/server/internal/handler/purchase.go:97.25,100.3 2 0
github.com/tsloms/server/internal/handler/purchase.go:101.2,102.65 2 1
github.com/tsloms/server/internal/handler/purchase.go:102.65,105.3 2 0
github.com/tsloms/server/internal/handler/purchase.go:106.2,107.20 2 1
github.com/tsloms/server/internal/handler/purchase.go:107.20,109.3 1 1
github.com/tsloms/server/internal/handler/purchase.go:111.2,113.31 3 1
github.com/tsloms/server/internal/handler/purchase.go:113.31,114.23 1 1
github.com/tsloms/server/internal/handler/purchase.go:114.23,117.4 2 0
github.com/tsloms/server/internal/handler/purchase.go:118.3,119.65 2 1
github.com/tsloms/server/internal/handler/purchase.go:119.65,122.4 2 0
github.com/tsloms/server/internal/handler/purchase.go:123.3,124.17 2 1
github.com/tsloms/server/internal/handler/purchase.go:124.17,126.4 1 0
github.com/tsloms/server/internal/handler/purchase.go:127.3,132.5 3 1
github.com/tsloms/server/internal/handler/purchase.go:135.2,136.54 2 1
github.com/tsloms/server/internal/handler/purchase.go:136.54,142.46 3 1
github.com/tsloms/server/internal/handler/purchase.go:142.46,144.4 1 0
github.com/tsloms/server/internal/handler/purchase.go:145.3,145.24 1 1
github.com/tsloms/server/internal/handler/purchase.go:145.24,147.4 1 1
github.com/tsloms/server/internal/handler/purchase.go:148.3,148.33 1 1
github.com/tsloms/server/internal/handler/purchase.go:150.2,150.16 1 1
github.com/tsloms/server/internal/handler/purchase.go:150.16,153.3 2 0
github.com/tsloms/server/internal/handler/purchase.go:154.2,155.63 2 1
github.com/tsloms/server/internal/handler/purchase.go:160.38,162.16 2 1
github.com/tsloms/server/internal/handler/purchase.go:162.16,165.3 2 0
github.com/tsloms/server/internal/handler/purchase.go:166.2,172.47 2 1
github.com/tsloms/server/internal/handler/purchase.go:172.47,175.3 2 0
github.com/tsloms/server/internal/handler/purchase.go:176.2,177.54 2 1
github.com/tsloms/server/internal/handler/purchase.go:177.54,180.3 2 0
github.com/tsloms/server/internal/handler/purchase.go:181.2,181.94 1 1
github.com/tsloms/server/internal/handler/purchase.go:181.94,184.3 2 1
github.com/tsloms/server/internal/handler/purchase.go:185.2,186.20 2 1
github.com/tsloms/server/internal/handler/purchase.go:186.20,188.3 1 1
github.com/tsloms/server/internal/handler/purchase.go:191.2,194.23 4 1
github.com/tsloms/server/internal/handler/purchase.go:194.23,196.3 1 1
github.com/tsloms/server/internal/handler/purchase.go:197.2,197.30 1 1
github.com/tsloms/server/internal/handler/purchase.go:197.30,199.10 2 1
github.com/tsloms/server/internal/handler/purchase.go:199.10,202.4 2 0
github.com/tsloms/server/internal/handler/purchase.go:203.3,203.22 1 1
github.com/tsloms/server/internal/handler/purchase.go:203.22,206.4 2 0
github.com/tsloms/server/internal/handler/purchase.go:207.3,207.46 1 1
github.com/tsloms/server/internal/handler/purchase.go:207.46,210.4 2 0
github.com/tsloms/server/internal/handler/purchase.go:213.2,213.53 1 1
github.com/tsloms/server/internal/handler/purchase.go:213.53,215.31 2 1
github.com/tsloms/server/internal/handler/purchase.go:215.31,218.124 3 1
github.com/tsloms/server/internal/handler/purchase.go:218.124,220.5 1 0
github.com/tsloms/server/internal/handler/purchase.go:222.4,223.60 2 1
github.com/tsloms/server/internal/handler/purchase.go:223.60,225.5 1 0
github.com/tsloms/server/internal/handler/purchase.go:226.4,226.81 1 1
github.com/tsloms/server/internal/handler/purchase.go:226.81,228.5 1 0
github.com/tsloms/server/internal/handler/purchase.go:229.4,233.25 1 1
github.com/tsloms/server/internal/handler/purchase.go:233.25,235.5 1 0
github.com/tsloms/server/internal/handler/purchase.go:236.4,236.29 1 1
github.com/tsloms/server/internal/handler/purchase.go:236.29,238.5 1 1
github.com/tsloms/server/internal/handler/purchase.go:242.3,243.74 2 1
github.com/tsloms/server/internal/handler/purchase.go:243.74,245.4 1 0
github.com/tsloms/server/internal/handler/purchase.go:246.3,246.25 1 1
github.com/tsloms/server/internal/handler/purchase.go:246.25,247.34 1 1
github.com/tsloms/server/internal/handler/purchase.go:247.34,249.10 2 1
github.com/tsloms/server/internal/handler/purchase.go:252.3,253.18 2 1
github.com/tsloms/server/internal/handler/purchase.go:253.18,255.4 1 1
github.com/tsloms/server/internal/handler/purchase.go:256.3,257.46 2 1
github.com/tsloms/server/internal/handler/purchase.go:257.46,260.4 2 1
github.com/tsloms/server/internal/handler/purchase.go:261.3,261.46 1 1
github.com/tsloms/server/internal/handler/purchase.go:263.2,263.16 1 1
github.com/tsloms/server/internal/handler/purchase.go:263.16,266.3 2 0
github.com/tsloms/server/internal/handler/purchase.go:267.2,268.44 2 1
github.com/tsloms/server/internal/handler/purchase.go:268.44,270.3 1 0
github.com/tsloms/server/internal/handler/purchase.go:271.2,272.41 2 1
github.com/tsloms/server/internal/handler/purchase.go:276.37,278.16 2 0
github.com/tsloms/server/internal/handler/purchase.go:278.16,281.3 2 0
github.com/tsloms/server/internal/handler/purchase.go:282.2,283.54 2 0
github.com/tsloms/server/internal/handler/purchase.go:283.54,286.3 2 0
github.com/tsloms/server/internal/handler/purchase.go:287.2,287.94 1 0
github.com/tsloms/server/internal/handler/purchase.go:287.94,290.3 2 0
github.com/tsloms/server/internal/handler/purchase.go:291.2,291.98 1 0
github.com/tsloms/server/internal/handler/purchase.go:291.98,294.3 2 0
github.com/tsloms/server/internal/handler/purchase.go:295.2,296.47 2 0
github.com/tsloms/server/internal/handler/purchase.go:300.37,302.16 2 0
github.com/tsloms/server/internal/handler/purchase.go:302.16,305.3 2 0
github.com/tsloms/server/internal/handler/purchase.go:306.2,307.54 2 0
github.com/tsloms/server/internal/handler/purchase.go:307.54,310.3 2 0
github.com/tsloms/server/internal/handler/purchase.go:311.2,311.44 1 0
github.com/tsloms/server/internal/handler/purchase.go:311.44,314.3 2 0
github.com/tsloms/server/internal/handler/purchase.go:315.2,315.51 1 0
github.com/tsloms/server/internal/handler/purchase.go:315.51,318.3 2 0
github.com/tsloms/server/internal/handler/purchase.go:319.2,321.41 3 0
github.com/tsloms/server/internal/handler/rbac.go:15.36,19.16 4 0
github.com/tsloms/server/internal/handler/rbac.go:19.16,22.3 2 0
github.com/tsloms/server/internal/handler/rbac.go:23.2,23.50 1 0
github.com/tsloms/server/internal/handler/rbac.go:27.38,36.26 7 0
github.com/tsloms/server/internal/handler/rbac.go:36.26,37.39 1 0
github.com/tsloms/server/internal/handler/rbac.go:37.39,40.4 2 0
github.com/tsloms/server/internal/handler/rbac.go:41.3,44.22 2 0
github.com/tsloms/server/internal/handler/rbac.go:46.2,47.26 2 0
github.com/tsloms/server/internal/handler/rbac.go:47.26,49.3 1 0
github.com/tsloms/server/internal/handler/rbac.go:50.2,50.52 1 0
github.com/tsloms/server/internal/handler/rbac.go:54.32,62.26 6 0
github.com/tsloms/server/internal/handler/rbac.go:62.26,64.3 1 0
github.com/tsloms/server/internal/handler/rbac.go:66.2,67.26 2 0
github.com/tsloms/server/internal/handler/rbac.go:67.26,71.26 4 0
github.com/tsloms/server/internal/handler/rbac.go:71.26,72.50 1 0
github.com/tsloms/server/internal/handler/rbac.go:72.50,74.5 1 0
github.com/tsloms/server/internal/handler/rbac.go:76.3,79.5 1 0
github.com/tsloms/server/internal/handler/rbac.go:81.2,81.48 1 0
github.com/tsloms/server/internal/handler/rbac.go:85.33,92.47 2 0
github.com/tsloms/server/internal/handler/rbac.go:92.47,95.3 2 0
github.com/tsloms/server/internal/handler/rbac.go:96.2,96.120 1 0
github.com/tsloms/server/internal/handler/rbac.go:96.120,99.3 2 0
github.com/tsloms/server/internal/handler/rbac.go:100.2,102.15 3 0
github.com/tsloms/server/internal/handler/rbac.go:102.15,105.3 2 0
github.com/tsloms/server/internal/handler/rbac.go:107.2,108.53 2 0
github.com/tsloms/server/internal/handler/rbac.go:108.53,111.3 2 0
github.com/tsloms/server/internal/handler/rbac.go:113.2,115.81 3 0
github.com/tsloms/server/internal/handler/rbac.go:119.33,121.16 2 0
github.com/tsloms/server/internal/handler/rbac.go:121.16,124.3 2 0
github.com/tsloms/server/internal/handler/rbac.go:125.2,126.56 2 0
github.com/tsloms/server/internal/handler/rbac.go:126.56,129.3 2 0
github.com/tsloms/server/internal/handler/rbac.go:130.2,130.18 1 0
github.com/tsloms/server/internal/handler/rbac.go:130.18,133.3 2 0
github.com/tsloms/server/internal/handler/rbac.go:134.2,139.47 2 0
github.com/tsloms/server/internal/handler/rbac.go:139.47,142.3 2 0
github.com/tsloms/server/internal/handler/rbac.go:143.2,143.21 1 0
github.com/tsloms/server/internal/handler/rbac.go:143.21,145.3 1 0
github.com/tsloms/server/internal/handler/rbac.go:146.2,146.28 1 0
github.com/tsloms/server/internal/handler/rbac.go:146.28,148.3 1 0
github.com/tsloms/server/internal/handler/rbac.go:149.2,149.28 1 0
github.com/tsloms/server/internal/handler/rbac.go:149.28,151.3 1 0
github.com/tsloms/server/internal/handler/rbac.go:152.2,153.47 2 0
github.com/tsloms/server/internal/handler/rbac.go:157.33,159.16 2 0
github.com/tsloms/server/internal/handler/rbac.go:159.16,162.3 2 0
github.com/tsloms/server/internal/handler/rbac.go:163.2,164.56 2 0
github.com/tsloms/server/internal/handler/rbac.go:164.56,167.3 2 0
github.com/tsloms/server/internal/handler/rbac.go:168.2,168.18 1 0
github.com/tsloms/server/internal/handler/rbac.go:168.18,171.3 2 0
github.com/tsloms/server/internal/handler/rbac.go:172.2,174.19 3 0
github.com/tsloms/server/internal/handler/rbac.go:174.19,177.3 2 0
github.com/tsloms/server/internal/handler/rbac.go:178.2,181.47 4 0
github.com/tsloms/server/internal/handler/rbac.go:185.71,187.29 2 0
github.com/tsloms/server/internal/handler/rbac.go:187.29,189.74 2 0
github.com/tsloms/server/internal/handler/rbac.go:189.74,190.12 1 0
github.com/tsloms/server/internal/handler/rbac.go:192.3,192.97 1 0
github.com/tsloms/server/internal/handler/rbac.go:197.41,199.16 2 0
github.com/tsloms/server/internal/handler/rbac.go:199.16,202.3 2 0
github.com/tsloms/server/internal/handler/rbac.go:203.2,204.56 2 0
github.com/tsloms/server/internal/handler/rbac.go:204.56,207.3 2 0
github.com/tsloms/server/internal/handler/rbac.go:209.2,212.81 4 0
github.com/tsloms/server/internal/handler/rbac.go:212.81,214.3 1 0
github.com/tsloms/server/internal/handler/rbac.go:215.2,218.29 4 0
github.com/tsloms/server/internal/handler/rbac.go:218.29,220.3 1 0
github.com/tsloms/server/internal/handler/rbac.go:221.2,221.27 1 0
github.com/tsloms/server/internal/handler/rbac.go:221.27,222.49 1 0
github.com/tsloms/server/internal/handler/rbac.go:222.49,224.4 1 0
github.com/tsloms/server/internal/handler/rbac.go:228.2,232.25 5 0
github.com/tsloms/server/internal/handler/rbac.go:232.25,233.17 1 0
github.com/tsloms/server/internal/handler/rbac.go:233.17,235.4 1 0
github.com/tsloms/server/internal/handler/rbac.go:235.9,237.4 1 0
github.com/tsloms/server/internal/handler/rbac.go:240.2,245.4 1 0
github.com/tsloms/server/internal/handler/rbac.go:251.41,253.16 2 0
github.com/tsloms/server/internal/handler/rbac.go:253.16,256.3 2 0
github.com/tsloms/server/internal/handler/rbac.go:257.2,258.56 2 0
github.com/tsloms/server/internal/handler/rbac.go:258.56,261.3 2 0
github.com/tsloms/server/internal/handler/rbac.go:263.2,263.69 1 0
github.com/tsloms/server/internal/handler/rbac.go:263.69,266.3 2 0
github.com/tsloms/server/internal/handler/rbac.go:267.2,271.47 2 0
github.com/tsloms/server/internal/handler/rbac.go:271.47,274.3 2 0
github.com/tsloms/server/internal/handler/rbac.go:277.2,278.41 2 0
github.com/tsloms/server/internal/handler/rbac.go:278.41,280.3 1 0
github.com/tsloms/server/internal/handler/rbac.go:281.2,282.25 2 0
github.com/tsloms/server/internal/handler/rbac.go:282.25,283.35 1 0
github.com/tsloms/server/internal/handler/rbac.go:283.35,284.20 1 0
github.com/tsloms/server/internal/handler/rbac.go:284.20,285.13 1 0
github.com/tsloms/server/internal/handler/rbac.go:287.4,287.87 1 0
github.com/tsloms/server/internal/handler/rbac.go:289.8,291.35 1 0
github.com/tsloms/server/internal/handler/rbac.go:291.35,292.20 1 0
github.com/tsloms/server/internal/handler/rbac.go:292.20,293.13 1 0
github.com/tsloms/server/internal/handler/rbac.go:295.4,295.88 1 0
github.com/tsloms/server/internal/handler/rbac.go:298.2,299.50 2 0
github.com/tsloms/server/internal/handler/response.go:12.37,18.2 1 1
github.com/tsloms/server/internal/handler/response.go:21.29,27.2 1 1
github.com/tsloms/server/internal/handler/response.go:30.71,36.2 1 1
github.com/tsloms/server/internal/handler/response.go:39.49,41.2 1 1
github.com/tsloms/server/internal/handler/response.go:44.51,46.2 1 1
github.com/tsloms/server/internal/handler/response.go:49.47,51.2 1 1
github.com/tsloms/server/internal/handler/response.go:55.45,56.16 1 0
github.com/tsloms/server/internal/handler/response.go:56.16,58.35 2 0
github.com/tsloms/server/internal/handler/response.go:58.35,61.4 2 0
github.com/tsloms/server/internal/handler/response.go:63.2,63.84 1 0
github.com/tsloms/server/internal/handler/response.go:67.40,70.2 2 1
github.com/tsloms/server/internal/handler/response.go:80.44,83.14 3 1
github.com/tsloms/server/internal/handler/response.go:83.14,85.3 1 1
github.com/tsloms/server/internal/handler/response.go:86.2,86.18 1 1
github.com/tsloms/server/internal/handler/response.go:86.18,88.3 1 1
github.com/tsloms/server/internal/handler/response.go:89.2,89.28 1 1
github.com/tsloms/server/internal/handler/response.go:89.28,91.3 1 1
github.com/tsloms/server/internal/handler/response.go:92.2,92.23 1 1
github.com/tsloms/server/internal/handler/response.go:96.38,99.2 2 0
github.com/tsloms/server/internal/handler/supplier.go:11.36,13.55 1 1
github.com/tsloms/server/internal/handler/supplier.go:13.55,15.77 2 1
github.com/tsloms/server/internal/handler/supplier.go:15.77,18.4 2 0
github.com/tsloms/server/internal/handler/supplier.go:19.3,20.9 2 1
github.com/tsloms/server/internal/handler/supplier.go:23.2,25.40 3 1
github.com/tsloms/server/internal/handler/supplier.go:25.40,28.3 2 1
github.com/tsloms/server/internal/handler/supplier.go:29.2,33.81 5 1
github.com/tsloms/server/internal/handler/supplier.go:37.35,48.47 2 1
github.com/tsloms/server/internal/handler/supplier.go:48.47,51.3 2 1
github.com/tsloms/server/internal/handler/supplier.go:52.2,53.18 2 1
github.com/tsloms/server/internal/handler/supplier.go:53.18,55.3 1 1
github.com/tsloms/server/internal/handler/supplier.go:57.2,57.34 1 1
github.com/tsloms/server/internal/handler/supplier.go:57.34,59.59 2 1
github.com/tsloms/server/internal/handler/supplier.go:59.59,62.4 2 1
github.com/tsloms/server/internal/handler/supplier.go:63.3,67.67 2 1
github.com/tsloms/server/internal/handler/supplier.go:67.67,70.4 2 0
github.com/tsloms/server/internal/handler/supplier.go:71.3,73.9 3 1
github.com/tsloms/server/internal/handler/supplier.go:76.2,80.50 2 1
github.com/tsloms/server/internal/handler/supplier.go:80.50,83.3 2 0
github.com/tsloms/server/internal/handler/supplier.go:84.2,85.62 2 1
github.com/tsloms/server/internal/handler/supplier.go:89.37,91.16 2 1
github.com/tsloms/server/internal/handler/supplier.go:91.16,94.3 2 1
github.com/tsloms/server/internal/handler/supplier.go:95.2,96.53 2 1
github.com/tsloms/server/internal/handler/supplier.go:96.53,99.3 2 1
github.com/tsloms/server/internal/handler/supplier.go:100.2,100.50 1 1
github.com/tsloms/server/internal/handler/supplier.go:100.50,103.3 2 0
github.com/tsloms/server/internal/handler/supplier.go:104.2,105.41 2 1
github.com/tsloms/server/internal/handler/user.go:12.42,19.26 4 0
github.com/tsloms/server/internal/handler/user.go:19.26,21.3 1 0
github.com/tsloms/server/internal/handler/user.go:22.2,22.48 1 0
github.com/tsloms/server/internal/handler/user.go:27.32,31.41 3 1
github.com/tsloms/server/internal/handler/user.go:31.41,33.3 1 0
github.com/tsloms/server/internal/handler/user.go:34.2,34.47 1 1
github.com/tsloms/server/internal/handler/user.go:34.47,36.3 1 0
github.com/tsloms/server/internal/handler/user.go:37.2,37.50 1 1
github.com/tsloms/server/internal/handler/user.go:37.50,38.57 1 1
github.com/tsloms/server/internal/handler/user.go:38.57,40.4 1 1
github.com/tsloms/server/internal/handler/user.go:42.2,42.50 1 1
github.com/tsloms/server/internal/handler/user.go:42.50,44.3 1 1
github.com/tsloms/server/internal/handler/user.go:46.2,58.26 7 1
github.com/tsloms/server/internal/handler/user.go:58.26,59.28 1 1
github.com/tsloms/server/internal/handler/user.go:59.28,61.4 1 1
github.com/tsloms/server/internal/handler/user.go:63.2,63.22 1 1
github.com/tsloms/server/internal/handler/user.go:63.22,66.27 3 1
github.com/tsloms/server/internal/handler/user.go:66.27,68.4 1 1
github.com/tsloms/server/internal/handler/user.go:72.2,73.26 2 1
github.com/tsloms/server/internal/handler/user.go:73.26,75.28 2 1
github.com/tsloms/server/internal/handler/user.go:75.28,77.4 1 1
github.com/tsloms/server/internal/handler/user.go:78.3,88.5 1 1
github.com/tsloms/server/internal/handler/user.go:91.2,91.86 1 1
github.com/tsloms/server/internal/handler/user.go:95.49,96.18 1 1
github.com/tsloms/server/internal/handler/user.go:96.18,98.3 1 1
github.com/tsloms/server/internal/handler/user.go:99.2,101.23 3 1
github.com/tsloms/server/internal/handler/user.go:101.23,102.10 1 1
github.com/tsloms/server/internal/handler/user.go:103.51,104.20 1 1
github.com/tsloms/server/internal/handler/user.go:105.29,106.19 1 1
github.com/tsloms/server/internal/handler/user.go:109.2,109.29 1 1
github.com/tsloms/server/internal/handler/user.go:109.29,111.3 1 1
github.com/tsloms/server/internal/handler/user.go:112.2,112.11 1 1
github.com/tsloms/server/internal/handler/user.go:116.33,126.47 2 1
github.com/tsloms/server/internal/handler/user.go:126.47,129.3 2 0
github.com/tsloms/server/internal/handler/user.go:130.2,130.62 1 1
github.com/tsloms/server/internal/handler/user.go:130.62,133.3 2 1
github.com/tsloms/server/internal/handler/user.go:134.2,134.26 1 1
github.com/tsloms/server/internal/handler/user.go:134.26,137.3 2 0
github.com/tsloms/server/internal/handler/user.go:140.2,142.15 3 1
github.com/tsloms/server/internal/handler/user.go:142.15,145.3 2 1
github.com/tsloms/server/internal/handler/user.go:147.2,147.29 1 1
github.com/tsloms/server/internal/handler/user.go:147.29,149.72 2 1
github.com/tsloms/server/internal/handler/user.go:149.72,152.4 2 0
github.com/tsloms/server/internal/handler/user.go:155.2,165.53 2 1
github.com/tsloms/server/internal/handler/user.go:165.53,168.3 2 0
github.com/tsloms/server/internal/handler/user.go:170.2,171.108 2 1
github.com/tsloms/server/internal/handler/user.go:175.33,177.16 2 0
github.com/tsloms/server/internal/handler/user.go:177.16,180.3 2 0
github.com/tsloms/server/internal/handler/user.go:182.2,183.56 2 0
github.com/tsloms/server/internal/handler/user.go:183.56,186.3 2 0
github.com/tsloms/server/internal/handler/user.go:188.2,196.47 2 0
github.com/tsloms/server/internal/handler/user.go:196.47,199.3 2 0
github.com/tsloms/server/internal/handler/user.go:201.2,202.45 2 0
github.com/tsloms/server/internal/handler/user.go:202.45,204.3 1 0
github.com/tsloms/server/internal/handler/user.go:205.2,205.25 1 0
github.com/tsloms/server/internal/handler/user.go:205.25,207.3 1 0
github.com/tsloms/server/internal/handler/user.go:208.2,208.22 1 0
github.com/tsloms/server/internal/handler/user.go:208.22,210.3 1 0
github.com/tsloms/server/internal/handler/user.go:211.2,211.22 1 0
github.com/tsloms/server/internal/handler/user.go:211.22,213.3 1 0
github.com/tsloms/server/internal/handler/user.go:214.2,214.29 1 0
github.com/tsloms/server/internal/handler/user.go:214.29,216.72 2 0
github.com/tsloms/server/internal/handler/user.go:216.72,219.4 2 0
github.com/tsloms/server/internal/handler/user.go:220.3,220.47 1 0
github.com/tsloms/server/internal/handler/user.go:222.2,222.23 1 0
github.com/tsloms/server/internal/handler/user.go:222.23,223.88 1 0
github.com/tsloms/server/internal/handler/user.go:223.88,226.4 2 0
github.com/tsloms/server/internal/handler/user.go:227.3,227.34 1 0
github.com/tsloms/server/internal/handler/user.go:229.2,229.22 1 0
github.com/tsloms/server/internal/handler/user.go:229.22,230.70 1 0
github.com/tsloms/server/internal/handler/user.go:230.70,233.4 2 0
github.com/tsloms/server/internal/handler/user.go:236.2,237.129 2 0
github.com/tsloms/server/internal/handler/user.go:241.40,243.16 2 1
github.com/tsloms/server/internal/handler/user.go:243.16,246.3 2 0
github.com/tsloms/server/internal/handler/user.go:247.2,250.47 2 1
github.com/tsloms/server/internal/handler/user.go:250.47,253.3 2 0
github.com/tsloms/server/internal/handler/user.go:254.2,254.62 1 1
github.com/tsloms/server/internal/handler/user.go:254.62,257.3 2 0
github.com/tsloms/server/internal/handler/user.go:259.2,260.56 2 1
github.com/tsloms/server/internal/handler/user.go:260.56,263.3 2 0
github.com/tsloms/server/internal/handler/user.go:265.2,265.110 1 1
github.com/tsloms/server/internal/handler/user.go:265.110,268.3 2 0
github.com/tsloms/server/internal/handler/user.go:270.2,271.47 2 1
github.com/tsloms/server/internal/handler/user.go:275.33,277.16 2 1
github.com/tsloms/server/internal/handler/user.go:277.16,280.3 2 0
github.com/tsloms/server/internal/handler/user.go:282.2,282.32 1 1
github.com/tsloms/server/internal/handler/user.go:282.32,285.3 2 1
github.com/tsloms/server/internal/handler/user.go:287.2,288.56 2 0
github.com/tsloms/server/internal/handler/user.go:288.56,291.3 2 0
github.com/tsloms/server/internal/handler/user.go:292.2,292.30 1 0
github.com/tsloms/server/internal/handler/user.go:292.30,295.3 2 0
github.com/tsloms/server/internal/handler/user.go:296.2,296.53 1 0
github.com/tsloms/server/internal/handler/user.go:296.53,299.3 2 0
github.com/tsloms/server/internal/handler/user.go:301.2,302.47 2 0
github.com/tsloms/server/internal/handler/user.go:306.34,308.2 1 1
github.com/tsloms/server/internal/handler/user.go:311.36,315.47 2 0
github.com/tsloms/server/internal/handler/user.go:315.47,318.3 2 0
github.com/tsloms/server/internal/handler/user.go:319.2,320.17 2 0
github.com/tsloms/server/internal/handler/user.go:320.17,323.3 2 0
github.com/tsloms/server/internal/handler/user.go:324.2,324.111 1 0
github.com/tsloms/server/internal/handler/user.go:324.111,327.3 2 0
github.com/tsloms/server/internal/handler/user.go:328.2,329.47 2 0
github.com/tsloms/server/internal/handler/user.go:333.37,338.47 2 0
github.com/tsloms/server/internal/handler/user.go:338.47,341.3 2 0
github.com/tsloms/server/internal/handler/user.go:342.2,343.17 2 0
github.com/tsloms/server/internal/handler/user.go:343.17,346.3 2 0
github.com/tsloms/server/internal/handler/user.go:347.2,348.57 2 0
github.com/tsloms/server/internal/handler/user.go:348.57,351.3 2 0
github.com/tsloms/server/internal/handler/user.go:352.2,352.59 1 0
github.com/tsloms/server/internal/handler/user.go:352.59,355.3 2 0
github.com/tsloms/server/internal/handler/user.go:356.2,356.101 1 0
github.com/tsloms/server/internal/handler/user.go:356.101,359.3 2 0
github.com/tsloms/server/internal/handler/user.go:360.2,361.53 2 0
github.com/tsloms/server/internal/handler/workorder.go:13.37,20.16 4 1
github.com/tsloms/server/internal/handler/workorder.go:20.16,22.3 1 1
github.com/tsloms/server/internal/handler/workorder.go:23.2,23.16 1 1
github.com/tsloms/server/internal/handler/workorder.go:23.16,25.3 1 1
github.com/tsloms/server/internal/handler/workorder.go:28.2,28.47 1 1
github.com/tsloms/server/internal/handler/workorder.go:28.47,30.3 1 1
github.com/tsloms/server/internal/handler/workorder.go:33.2,33.60 1 1
github.com/tsloms/server/internal/handler/workorder.go:33.60,35.3 1 1
github.com/tsloms/server/internal/handler/workorder.go:38.2,38.51 1 1
github.com/tsloms/server/internal/handler/workorder.go:38.51,40.3 1 1
github.com/tsloms/server/internal/handler/workorder.go:43.2,43.57 1 1
github.com/tsloms/server/internal/handler/workorder.go:43.57,44.64 1 1
github.com/tsloms/server/internal/handler/workorder.go:44.64,46.4 1 1
github.com/tsloms/server/internal/handler/workorder.go:48.2,48.51 1 1
github.com/tsloms/server/internal/handler/workorder.go:48.51,49.62 1 0
github.com/tsloms/server/internal/handler/workorder.go:49.62,51.4 1 0
github.com/tsloms/server/internal/handler/workorder.go:55.2,67.27 6 1
github.com/tsloms/server/internal/handler/workorder.go:67.27,70.3 2 1
github.com/tsloms/server/internal/handler/workorder.go:72.2,77.4 1 1
github.com/tsloms/server/internal/handler/workorder.go:81.45,83.25 2 1
github.com/tsloms/server/internal/handler/workorder.go:83.25,85.88 2 1
github.com/tsloms/server/internal/handler/workorder.go:85.88,87.4 1 1
github.com/tsloms/server/internal/handler/workorder.go:89.2,96.3 2 1
github.com/tsloms/server/internal/handler/workorder.go:100.35,102.16 2 1
github.com/tsloms/server/internal/handler/workorder.go:102.16,105.3 2 0
github.com/tsloms/server/internal/handler/workorder.go:107.2,108.53 2 1
github.com/tsloms/server/internal/handler/workorder.go:108.53,111.3 2 1
github.com/tsloms/server/internal/handler/workorder.go:114.2,119.18 3 1
github.com/tsloms/server/internal/handler/workorder.go:120.36,122.29 2 1
github.com/tsloms/server/internal/handler/workorder.go:123.39,125.29 2 0
github.com/tsloms/server/internal/handler/workorder.go:126.38,127.29 1 0
github.com/tsloms/server/internal/handler/workorder.go:128.37,129.29 1 0
github.com/tsloms/server/internal/handler/workorder.go:133.2,134.19 2 1
github.com/tsloms/server/internal/handler/workorder.go:134.19,136.61 2 1
github.com/tsloms/server/internal/handler/workorder.go:136.61,139.89 3 1
github.com/tsloms/server/internal/handler/workorder.go:139.89,142.5 1 1
github.com/tsloms/server/internal/handler/workorder.go:143.4,147.5 1 1
github.com/tsloms/server/internal/handler/workorder.go:151.2,152.25 2 1
github.com/tsloms/server/internal/handler/workorder.go:152.25,154.99 2 1
github.com/tsloms/server/internal/handler/workorder.go:154.99,156.4 1 1
github.com/tsloms/server/internal/handler/workorder.go:160.2,170.4 3 1
github.com/tsloms/server/internal/handler/workorder.go:175.38,182.47 2 1
github.com/tsloms/server/internal/handler/workorder.go:182.47,185.3 2 1
github.com/tsloms/server/internal/handler/workorder.go:188.2,189.66 2 1
github.com/tsloms/server/internal/handler/workorder.go:189.66,192.3 2 1
github.com/tsloms/server/internal/handler/workorder.go:195.2,195.27 1 1
github.com/tsloms/server/internal/handler/workorder.go:195.27,197.67 2 1
github.com/tsloms/server/internal/handler/workorder.go:197.67,200.4 2 1
github.com/tsloms/server/internal/handler/workorder.go:201.3,201.64 1 1
github.com/tsloms/server/internal/handler/workorder.go:201.64,204.4 2 1
github.com/tsloms/server/internal/handler/workorder.go:208.2,218.51 3 1
github.com/tsloms/server/internal/handler/workorder.go:218.51,221.3 2 0
github.com/tsloms/server/internal/handler/workorder.go:224.2,228.65 3 1
github.com/tsloms/server/internal/handler/workorder.go:233.44,235.16 2 1
github.com/tsloms/server/internal/handler/workorder.go:235.16,238.3 2 1
github.com/tsloms/server/internal/handler/workorder.go:240.2,245.47 2 1
github.com/tsloms/server/internal/handler/workorder.go:245.47,248.3 2 0
github.com/tsloms/server/internal/handler/workorder.go:251.2,257.32 2 1
github.com/tsloms/server/internal/handler/workorder.go:257.32,260.3 2 1
github.com/tsloms/server/internal/handler/workorder.go:262.2,263.54 2 1
github.com/tsloms/server/internal/handler/workorder.go:263.54,266.3 2 1
github.com/tsloms/server/internal/handler/workorder.go:268.2,271.22 2 1
github.com/tsloms/server/internal/handler/workorder.go:271.22,273.3 1 1
github.com/tsloms/server/internal/handler/workorder.go:276.2,276.50 1 1
github.com/tsloms/server/internal/handler/workorder.go:276.50,286.3 3 1
github.com/tsloms/server/internal/handler/workorder.go:289.2,289.94 1 1
github.com/tsloms/server/internal/handler/workorder.go:289.94,294.3 2 1
github.com/tsloms/server/internal/handler/workorder.go:297.2,297.94 1 1
github.com/tsloms/server/internal/handler/workorder.go:297.94,299.3 1 1
github.com/tsloms/server/internal/handler/workorder.go:301.2,301.67 1 1
github.com/tsloms/server/internal/handler/workorder.go:301.67,304.3 2 0
github.com/tsloms/server/internal/handler/workorder.go:306.2,308.71 2 1
github.com/tsloms/server/internal/handler/workorder.go:313.38,315.16 2 1
github.com/tsloms/server/internal/handler/workorder.go:315.16,318.3 2 0
github.com/tsloms/server/internal/handler/workorder.go:320.2,323.47 2 1
github.com/tsloms/server/internal/handler/workorder.go:323.47,326.3 2 1
github.com/tsloms/server/internal/handler/workorder.go:329.2,330.65 2 1
github.com/tsloms/server/internal/handler/workorder.go:330.65,333.3 2 1
github.com/tsloms/server/internal/handler/workorder.go:334.2,334.63 1 1
github.com/tsloms/server/internal/handler/workorder.go:334.63,337.3 2 1
github.com/tsloms/server/internal/handler/workorder.go:339.2,340.54 2 1
github.com/tsloms/server/internal/handler/workorder.go:340.54,343.3 2 1
github.com/tsloms/server/internal/handler/workorder.go:345.2,349.47 2 1
github.com/tsloms/server/internal/handler/workorder.go:349.47,359.3 3 1
github.com/tsloms/server/internal/handler/workorder.go:360.2,360.67 1 1
github.com/tsloms/server/internal/handler/workorder.go:360.67,363.3 2 0
github.com/tsloms/server/internal/handler/workorder.go:365.2,366.96 2 1
github.com/tsloms/server/internal/handler/workorder.go:371.38,373.16 2 1
github.com/tsloms/server/internal/handler/workorder.go:373.16,376.3 2 1
github.com/tsloms/server/internal/handler/workorder.go:378.2,379.54 2 1
github.com/tsloms/server/internal/handler/workorder.go:379.54,382.3 2 1
github.com/tsloms/server/internal/handler/workorder.go:385.2,385.21 1 1
github.com/tsloms/server/internal/handler/workorder.go:385.21,389.3 1 1
github.com/tsloms/server/internal/handler/workorder.go:391.2,391.51 1 1
github.com/tsloms/server/internal/handler/workorder.go:391.51,394.3 2 0
github.com/tsloms/server/internal/handler/workorder.go:396.2,397.44 2 1
github.com/tsloms/server/internal/ai/advice.go:47.73,49.58 2 0
github.com/tsloms/server/internal/ai/advice.go:49.58,51.3 1 0
github.com/tsloms/server/internal/ai/advice.go:52.2,69.77 11 0
github.com/tsloms/server/internal/ai/advice.go:69.77,75.62 6 0
github.com/tsloms/server/internal/ai/advice.go:75.62,77.4 1 0
github.com/tsloms/server/internal/ai/advice.go:78.8,81.3 2 0
github.com/tsloms/server/internal/ai/advice.go:84.2,85.17 2 0
github.com/tsloms/server/internal/ai/advice.go:90.92,92.56 2 0
github.com/tsloms/server/internal/ai/advice.go:92.56,94.3 1 0
github.com/tsloms/server/internal/ai/advice.go:95.2,95.17 1 0
github.com/tsloms/server/internal/ai/advice.go:95.17,97.3 1 0
github.com/tsloms/server/internal/ai/advice.go:98.2,104.20 5 0
github.com/tsloms/server/internal/ai/advice.go:104.20,105.62 1 0
github.com/tsloms/server/internal/ai/advice.go:105.62,107.4 1 0
github.com/tsloms/server/internal/ai/advice.go:109.2,120.24 6 0
github.com/tsloms/server/internal/ai/advice.go:120.24,129.3 4 0
github.com/tsloms/server/internal/ai/advice.go:129.8,136.3 3 0
github.com/tsloms/server/internal/ai/advice.go:138.2,138.88 1 0
github.com/tsloms/server/internal/ai/advice.go:138.88,142.25 4 0
github.com/tsloms/server/internal/ai/advice.go:142.25,144.4 1 0
github.com/tsloms/server/internal/ai/advice.go:144.9,147.63 3 0
github.com/tsloms/server/internal/ai/advice.go:147.63,149.5 1 0
github.com/tsloms/server/internal/ai/advice.go:151.8,154.25 3 0
github.com/tsloms/server/internal/ai/advice.go:154.25,156.4 1 0
github.com/tsloms/server/internal/ai/advice.go:156.9,158.4 1 0
github.com/tsloms/server/internal/ai/advice.go:161.2,162.17 2 0
github.com/tsloms/server/internal/ai/advice.go:167.54,170.2 1 0
github.com/tsloms/server/internal/ai/advice.go:172.89,174.32 2 0
github.com/tsloms/server/internal/ai/advice.go:174.32,176.3 1 0
github.com/tsloms/server/internal/ai/advice.go:177.2,177.20 1 0
github.com/tsloms/server/internal/ai/advice.go:177.20,179.3 1 0
github.com/tsloms/server/internal/ai/advice.go:179.8,181.3 1 0
github.com/tsloms/server/internal/ai/advice.go:182.2,182.13 1 0
github.com/tsloms/server/internal/ai/advice.go:188.11,190.32 2 0
github.com/tsloms/server/internal/ai/advice.go:190.32,192.3 1 0
github.com/tsloms/server/internal/ai/advice.go:193.2,194.19 2 0
github.com/tsloms/server/internal/ai/advice.go:194.19,196.3 1 0
github.com/tsloms/server/internal/ai/advice.go:197.2,197.21 1 0
github.com/tsloms/server/internal/ai/advice.go:197.21,199.3 1 0
github.com/tsloms/server/internal/ai/advice.go:199.8,201.3 1 0
github.com/tsloms/server/internal/ai/advice.go:202.2,202.13 1 0
github.com/tsloms/server/internal/ai/advice.go:207.36,209.96 2 0
github.com/tsloms/server/internal/ai/advice.go:209.96,211.3 1 0
github.com/tsloms/server/internal/ai/advice.go:212.2,212.11 1 0
github.com/tsloms/server/internal/ai/advice.go:216.47,227.25 4 0
github.com/tsloms/server/internal/ai/advice.go:227.25,229.3 1 0
github.com/tsloms/server/internal/ai/advice.go:230.2,230.12 1 0
github.com/tsloms/server/internal/ai/advice.go:233.77,238.2 1 0
github.com/tsloms/server/internal/ai/advice.go:240.44,241.25 1 0
github.com/tsloms/server/internal/ai/advice.go:241.25,243.3 1 0
github.com/tsloms/server/internal/ai/advice.go:244.2,244.13 1 0
github.com/tsloms/server/internal/ai/advice.go:247.44,248.15 1 0
github.com/tsloms/server/internal/ai/advice.go:249.17,250.14 1 0
github.com/tsloms/server/internal/ai/advice.go:251.17,252.14 1 0
github.com/tsloms/server/internal/ai/advice.go:253.10,254.14 1 0
github.com/tsloms/server/internal/ai/advice.go:258.36,259.11 1 0
github.com/tsloms/server/internal/ai/advice.go:260.12,261.41 1 0
github.com/tsloms/server/internal/ai/advice.go:262.12,263.37 1 0
github.com/tsloms/server/internal/ai/advice.go:264.12,265.37 1 0
github.com/tsloms/server/internal/ai/advice.go:266.10,267.18 1 0
github.com/tsloms/server/internal/ai/advice.go:271.125,273.16 2 0
github.com/tsloms/server/internal/ai/advice.go:273.16,275.77 2 0
github.com/tsloms/server/internal/ai/advice.go:275.77,277.4 1 0
github.com/tsloms/server/internal/ai/advice.go:279.2,283.4 1 0
github.com/tsloms/server/internal/ai/advice.go:287.74,289.19 2 0
github.com/tsloms/server/internal/ai/advice.go:289.19,291.16 2 0
github.com/tsloms/server/internal/ai/advice.go:291.16,293.4 1 0
github.com/tsloms/server/internal/ai/advice.go:295.2,295.30 1 0
github.com/tsloms/server/internal/ai/advice.go:295.30,297.3 1 0
github.com/tsloms/server/internal/ai/advice.go:298.2,300.13 3 0
github.com/tsloms/server/internal/ai/advice.go:305.42,306.40 1 1
github.com/tsloms/server/internal/ai/advice.go:306.40,308.35 2 1
github.com/tsloms/server/internal/ai/advice.go:308.35,310.18 2 1
github.com/tsloms/server/internal/ai/advice.go:310.18,312.5 1 1
github.com/tsloms/server/internal/ai/advice.go:315.2,315.11 1 0
github.com/tsloms/server/internal/ai/advice.go:318.48,321.44 3 1
github.com/tsloms/server/internal/ai/advice.go:321.44,323.35 2 1
github.com/tsloms/server/internal/ai/advice.go:323.35,326.18 3 1
github.com/tsloms/server/internal/ai/advice.go:326.18,328.5 1 1
github.com/tsloms/server/internal/ai/advice.go:329.4,329.12 1 1
github.com/tsloms/server/internal/ai/advice.go:331.3,331.9 1 1
github.com/tsloms/server/internal/ai/advice.go:331.9,333.73 1 0
github.com/tsloms/server/internal/ai/advice.go:333.73,335.19 2 0
github.com/tsloms/server/internal/ai/advice.go:335.19,337.6 1 0
github.com/tsloms/server/internal/ai/advice.go:338.5,338.13 1 0
github.com/tsloms/server/internal/ai/advice.go:340.4,340.9 1 0
github.com/tsloms/server/internal/ai/advice.go:343.2,343.12 1 1
github.com/tsloms/server/internal/ai/advice.go:346.40,349.23 3 1
github.com/tsloms/server/internal/ai/advice.go:349.23,350.17 1 1
github.com/tsloms/server/internal/ai/advice.go:350.17,353.12 3 1
github.com/tsloms/server/internal/ai/advice.go:355.3,355.20 1 1
github.com/tsloms/server/internal/ai/advice.go:357.2,357.15 1 1
github.com/tsloms/server/internal/ai/advice.go:357.15,359.3 1 1
github.com/tsloms/server/internal/ai/advice.go:360.2,360.12 1 1
github.com/tsloms/server/internal/ai/advice.go:363.34,365.23 2 0
github.com/tsloms/server/internal/ai/advice.go:365.23,366.12 1 0
github.com/tsloms/server/internal/ai/advice.go:366.12,368.4 1 0
github.com/tsloms/server/internal/ai/advice.go:369.3,369.11 1 0
github.com/tsloms/server/internal/ai/advice.go:371.2,371.12 1 0
github.com/tsloms/server/internal/ai/advice.go:377.11,379.25 2 0
github.com/tsloms/server/internal/ai/advice.go:379.25,380.12 1 0
github.com/tsloms/server/internal/ai/advice.go:380.12,382.4 1 0
github.com/tsloms/server/internal/ai/advice.go:383.3,383.54 1 0
github.com/tsloms/server/internal/ai/advice.go:385.2,385.15 1 0
github.com/tsloms/server/internal/ai/advice.go:385.15,387.3 1 0
github.com/tsloms/server/internal/ai/advice.go:388.2,388.12 1 0
github.com/tsloms/server/internal/ai/analyze.go:68.59,71.81 3 1
github.com/tsloms/server/internal/ai/analyze.go:71.81,73.3 1 0
github.com/tsloms/server/internal/ai/analyze.go:74.2,79.25 5 1
github.com/tsloms/server/internal/ai/analyze.go:79.25,95.24 10 1
github.com/tsloms/server/internal/ai/analyze.go:95.24,97.4 1 1
github.com/tsloms/server/internal/ai/analyze.go:99.3,102.48 2 1
github.com/tsloms/server/internal/ai/analyze.go:102.48,104.4 1 1
github.com/tsloms/server/internal/ai/analyze.go:105.3,105.19 1 1
github.com/tsloms/server/internal/ai/analyze.go:105.19,107.4 1 0
github.com/tsloms/server/internal/ai/analyze.go:109.3,109.86 1 1
github.com/tsloms/server/internal/ai/analyze.go:109.86,111.4 1 1
github.com/tsloms/server/internal/ai/analyze.go:112.3,112.21 1 1
github.com/tsloms/server/internal/ai/analyze.go:112.21,114.4 1 1
github.com/tsloms/server/internal/ai/analyze.go:116.2,117.27 2 1
github.com/tsloms/server/internal/ai/analyze.go:117.27,119.3 1 1
github.com/tsloms/server/internal/ai/analyze.go:120.2,120.42 1 1
github.com/tsloms/server/internal/ai/analyze.go:120.42,120.88 1 1
github.com/tsloms/server/internal/ai/analyze.go:121.2,134.26 7 1
github.com/tsloms/server/internal/ai/analyze.go:134.26,144.3 7 1
github.com/tsloms/server/internal/ai/analyze.go:145.2,145.18 1 1
github.com/tsloms/server/internal/ai/analyze.go:149.63,151.16 2 0
github.com/tsloms/server/internal/ai/analyze.go:151.16,153.3 1 0
github.com/tsloms/server/internal/ai/analyze.go:155.2,164.74 6 0
github.com/tsloms/server/internal/ai/analyze.go:164.74,168.3 3 0
github.com/tsloms/server/internal/ai/analyze.go:168.8,170.3 1 0
github.com/tsloms/server/internal/ai/analyze.go:171.2,173.17 2 0
github.com/tsloms/server/internal/ai/analyze.go:176.61,178.27 2 1
github.com/tsloms/server/internal/ai/analyze.go:178.27,180.3 1 1
github.com/tsloms/server/internal/ai/analyze.go:180.8,180.32 1 0
github.com/tsloms/server/internal/ai/analyze.go:180.32,182.3 1 0
github.com/tsloms/server/internal/ai/analyze.go:183.2,183.27 1 1
github.com/tsloms/server/internal/ai/analyze.go:183.27,185.3 1 0
github.com/tsloms/server/internal/ai/analyze.go:186.2,186.29 1 1
github.com/tsloms/server/internal/ai/analyze.go:186.29,188.3 1 0
github.com/tsloms/server/internal/ai/analyze.go:189.2,189.49 1 1
github.com/tsloms/server/internal/ai/analyze.go:189.49,191.3 1 0
github.com/tsloms/server/internal/ai/analyze.go:191.8,191.27 1 1
github.com/tsloms/server/internal/ai/analyze.go:191.27,193.3 1 0
github.com/tsloms/server/internal/ai/analyze.go:194.2,194.21 1 1
github.com/tsloms/server/internal/ai/analyze.go:194.21,196.3 1 0
github.com/tsloms/server/internal/ai/analyze.go:197.2,197.25 1 1
github.com/tsloms/server/internal/ai/analyze.go:241.57,242.15 1 1
github.com/tsloms/server/internal/ai/analyze.go:242.15,244.3 1 0
github.com/tsloms/server/internal/ai/analyze.go:245.2,263.29 12 1
github.com/tsloms/server/internal/ai/analyze.go:263.29,266.3 2 1
github.com/tsloms/server/internal/ai/analyze.go:267.2,267.46 1 1
github.com/tsloms/server/internal/ai/analyze.go:267.46,267.100 1 1
github.com/tsloms/server/internal/ai/analyze.go:270.2,288.27 6 1
github.com/tsloms/server/internal/ai/analyze.go:288.27,290.3 1 1
github.com/tsloms/server/internal/ai/analyze.go:292.2,299.15 6 1
github.com/tsloms/server/internal/ai/analyze.go:299.15,301.3 1 1
github.com/tsloms/server/internal/ai/analyze.go:303.2,303.26 1 1
github.com/tsloms/server/internal/ai/analyze.go:303.26,312.3 6 1
github.com/tsloms/server/internal/ai/analyze.go:313.2,313.18 1 1
github.com/tsloms/server/internal/ai/analyze.go:317.63,319.16 2 0
github.com/tsloms/server/internal/ai/analyze.go:319.16,321.3 1 0
github.com/tsloms/server/internal/ai/analyze.go:322.2,331.69 6 0
github.com/tsloms/server/internal/ai/analyze.go:331.69,335.3 3 0
github.com/tsloms/server/internal/ai/analyze.go:335.8,337.3 1 0
github.com/tsloms/server/internal/ai/analyze.go:338.2,338.127 1 0
github.com/tsloms/server/internal/ai/analyze.go:341.51,343.29 2 0
github.com/tsloms/server/internal/ai/analyze.go:343.29,344.17 1 0
github.com/tsloms/server/internal/ai/analyze.go:345.17,346.17 1 0
github.com/tsloms/server/internal/ai/analyze.go:347.17,348.17 1 0
github.com/tsloms/server/internal/ai/analyze.go:349.17,350.17 1 0
github.com/tsloms/server/internal/ai/analyze.go:351.17,352.17 1 0
github.com/tsloms/server/internal/ai/analyze.go:355.2,358.27 3 0
github.com/tsloms/server/internal/ai/analyze.go:358.27,360.62 2 0
github.com/tsloms/server/internal/ai/analyze.go:360.62,362.4 1 0
github.com/tsloms/server/internal/ai/analyze.go:363.3,363.105 1 0
github.com/tsloms/server/internal/ai/analyze.go:365.2,365.29 1 0
github.com/tsloms/server/internal/ai/analyze.go:365.29,367.3 1 0
github.com/tsloms/server/internal/ai/analyze.go:368.2,368.23 1 0
github.com/tsloms/server/internal/ai/analyze.go:368.23,370.3 1 0
github.com/tsloms/server/internal/ai/analyze.go:371.2,371.25 1 0
github.com/tsloms/server/internal/ai/analyze.go:376.33,377.11 1 1
github.com/tsloms/server/internal/ai/analyze.go:378.33,379.18 1 1
github.com/tsloms/server/internal/ai/analyze.go:380.30,381.18 1 1
github.com/tsloms/server/internal/ai/analyze.go:382.32,383.18 1 0
github.com/tsloms/server/internal/ai/analyze.go:384.10,385.18 1 0
github.com/tsloms/server/internal/ai/analyze.go:389.29,391.16 2 0
github.com/tsloms/server/internal/ai/analyze.go:391.16,393.3 1 0
github.com/tsloms/server/internal/ai/analyze.go:394.2,394.18 1 0
github.com/tsloms/server/internal/ai/analyze.go:397.36,400.23 3 1
github.com/tsloms/server/internal/ai/analyze.go:400.23,402.32 2 1
github.com/tsloms/server/internal/ai/analyze.go:402.32,403.36 1 1
github.com/tsloms/server/internal/ai/analyze.go:403.36,405.5 1 1
github.com/tsloms/server/internal/ai/analyze.go:406.4,406.12 1 1
github.com/tsloms/server/internal/ai/analyze.go:409.2,409.34 1 1
github.com/tsloms/server/internal/ai/analyze.go:409.34,411.3 1 1
github.com/tsloms/server/internal/ai/analyze.go:412.2,412.12 1 1
github.com/tsloms/server/internal/ai/analyze.go:415.39,417.26 2 1
github.com/tsloms/server/internal/ai/analyze.go:417.26,419.3 1 1
github.com/tsloms/server/internal/ai/analyze.go:420.2,420.12 1 1
github.com/tsloms/server/internal/ai/analyze.go:423.33,425.79 2 1
github.com/tsloms/server/internal/ai/analyze.go:425.79,427.3 1 0
github.com/tsloms/server/internal/ai/analyze.go:428.2,428.79 1 1
github.com/tsloms/server/internal/ai/analyze.go:428.79,430.3 1 1
github.com/tsloms/server/internal/ai/analyze.go:431.2,431.21 1 1
github.com/tsloms/server/internal/ai/analyze.go:434.37,436.23 2 1
github.com/tsloms/server/internal/ai/analyze.go:436.23,437.13 1 1
github.com/tsloms/server/internal/ai/analyze.go:437.13,439.9 2 0
github.com/tsloms/server/internal/ai/analyze.go:441.3,441.12 1 1
github.com/tsloms/server/internal/ai/analyze.go:441.12,443.4 1 0
github.com/tsloms/server/internal/ai/analyze.go:444.3,444.16 1 1
github.com/tsloms/server/internal/ai/analyze.go:446.2,446.12 1 1
github.com/tsloms/server/internal/ai/analyze.go:449.24,450.11 1 0
github.com/tsloms/server/internal/ai/analyze.go:450.11,452.3 1 0
github.com/tsloms/server/internal/ai/analyze.go:453.2,453.10 1 0
github.com/tsloms/server/internal/ai/anomaly.go:44.87,45.22 1 1
github.com/tsloms/server/internal/ai/anomaly.go:45.22,47.3 1 0
github.com/tsloms/server/internal/ai/anomaly.go:48.2,48.20 1 1
github.com/tsloms/server/internal/ai/anomaly.go:48.20,50.3 1 0
github.com/tsloms/server/internal/ai/anomaly.go:51.2,51.21 1 1
github.com/tsloms/server/internal/ai/anomaly.go:51.21,56.3 1 0
github.com/tsloms/server/internal/ai/anomaly.go:58.2,64.79 4 1
github.com/tsloms/server/internal/ai/anomaly.go:64.79,66.3 1 0
github.com/tsloms/server/internal/ai/anomaly.go:67.2,67.29 1 1
github.com/tsloms/server/internal/ai/anomaly.go:67.29,69.17 2 0
github.com/tsloms/server/internal/ai/anomaly.go:69.17,70.12 1 0
github.com/tsloms/server/internal/ai/anomaly.go:72.3,76.5 1 0
github.com/tsloms/server/internal/ai/anomaly.go:80.2,83.85 2 1
github.com/tsloms/server/internal/ai/anomaly.go:83.85,85.3 1 0
github.com/tsloms/server/internal/ai/anomaly.go:86.2,86.27 1 1
github.com/tsloms/server/internal/ai/anomaly.go:86.27,88.33 2 0
github.com/tsloms/server/internal/ai/anomaly.go:88.33,90.4 1 0
github.com/tsloms/server/internal/ai/anomaly.go:91.3,96.5 1 0
github.com/tsloms/server/internal/ai/anomaly.go:100.2,101.144 2 1
github.com/tsloms/server/internal/ai/anomaly.go:101.144,103.3 1 0
github.com/tsloms/server/internal/ai/anomaly.go:104.2,105.25 2 1
github.com/tsloms/server/internal/ai/anomaly.go:105.25,106.59 1 0
github.com/tsloms/server/internal/ai/anomaly.go:106.59,108.4 1 0
github.com/tsloms/server/internal/ai/anomaly.go:110.2,110.28 1 1
github.com/tsloms/server/internal/ai/anomaly.go:110.28,117.3 1 0
github.com/tsloms/server/internal/ai/anomaly.go:120.2,121.112 2 1
github.com/tsloms/server/internal/ai/anomaly.go:121.112,123.3 1 0
github.com/tsloms/server/internal/ai/anomaly.go:124.2,124.17 1 1
github.com/tsloms/server/internal/ai/anomaly.go:124.17,130.3 1 0
github.com/tsloms/server/internal/ai/anomaly.go:133.2,136.29 2 1
github.com/tsloms/server/internal/ai/anomaly.go:136.29,138.3 1 0
github.com/tsloms/server/internal/ai/anomaly.go:140.2,141.27 2 1
github.com/tsloms/server/internal/ai/anomaly.go:141.27,143.3 1 0
github.com/tsloms/server/internal/ai/anomaly.go:145.2,150.17 3 1
github.com/tsloms/server/internal/ai/anomaly.go:155.70,160.20 2 1
github.com/tsloms/server/internal/ai/anomaly.go:161.16,164.59 3 1
github.com/tsloms/server/internal/ai/anomaly.go:165.18,167.20 1 1
github.com/tsloms/server/internal/ai/anomaly.go:168.10,169.16 1 1
github.com/tsloms/server/internal/ai/anomaly.go:169.16,173.4 3 1
github.com/tsloms/server/internal/ai/anomaly.go:175.2,175.8 1 1
github.com/tsloms/server/internal/ai/anomaly.go:178.35,179.14 1 0
github.com/tsloms/server/internal/ai/anomaly.go:180.24,181.17 1 0
github.com/tsloms/server/internal/ai/anomaly.go:182.22,183.20 1 0
github.com/tsloms/server/internal/ai/anomaly.go:184.10,185.17 1 0
github.com/tsloms/server/internal/ai/anomaly.go:190.44,191.35 1 1
github.com/tsloms/server/internal/ai/anomaly.go:191.35,192.63 1 1
github.com/tsloms/server/internal/ai/anomaly.go:192.63,194.4 1 1
github.com/tsloms/server/internal/ai/anomaly.go:199.58,201.20 2 1
github.com/tsloms/server/internal/ai/anomaly.go:201.20,203.3 1 1
github.com/tsloms/server/internal/ai/anomaly.go:204.2,204.33 1 1
github.com/tsloms/server/internal/ai/anomaly.go:204.33,206.3 1 1
github.com/tsloms/server/internal/ai/anomaly.go:207.2,207.30 1 1
github.com/tsloms/server/internal/ai/anomaly.go:207.30,209.3 1 1
github.com/tsloms/server/internal/ai/anomaly.go:210.2,210.30 1 1
github.com/tsloms/server/internal/ai/anomaly.go:210.30,212.3 1 0
github.com/tsloms/server/internal/ai/anomaly.go:213.2,213.170 1 1
github.com/tsloms/server/internal/ai/copilot_extra.go:50.91,52.46 2 1
github.com/tsloms/server/internal/ai/copilot_extra.go:52.46,54.3 1 0
github.com/tsloms/server/internal/ai/copilot_extra.go:55.2,63.13 7 1
github.com/tsloms/server/internal/ai/copilot_extra.go:63.13,66.3 2 1
github.com/tsloms/server/internal/ai/copilot_extra.go:66.8,68.25 2 0
github.com/tsloms/server/internal/ai/copilot_extra.go:68.25,70.4 1 0
github.com/tsloms/server/internal/ai/copilot_extra.go:72.2,72.32 1 1
github.com/tsloms/server/internal/ai/copilot_extra.go:72.32,74.3 1 1
github.com/tsloms/server/internal/ai/copilot_extra.go:75.2,75.26 1 1
github.com/tsloms/server/internal/ai/copilot_extra.go:75.26,77.3 1 1
github.com/tsloms/server/internal/ai/copilot_extra.go:79.2,79.90 1 1
github.com/tsloms/server/internal/ai/copilot_extra.go:79.90,81.3 1 0
github.com/tsloms/server/internal/ai/copilot_extra.go:82.2,82.25 1 1
github.com/tsloms/server/internal/ai/copilot_extra.go:82.25,84.3 1 0
github.com/tsloms/server/internal/ai/copilot_extra.go:87.2,87.21 1 1
github.com/tsloms/server/internal/ai/copilot_extra.go:87.21,92.79 5 1
github.com/tsloms/server/internal/ai/copilot_extra.go:92.79,95.46 3 0
github.com/tsloms/server/internal/ai/copilot_extra.go:95.46,97.19 2 0
github.com/tsloms/server/internal/ai/copilot_extra.go:97.19,98.14 1 0
github.com/tsloms/server/internal/ai/copilot_extra.go:100.5,101.21 2 0
github.com/tsloms/server/internal/ai/copilot_extra.go:101.21,103.6 1 0
github.com/tsloms/server/internal/ai/copilot_extra.go:105.4,105.27 1 0
github.com/tsloms/server/internal/ai/copilot_extra.go:105.27,107.5 1 0
github.com/tsloms/server/internal/ai/copilot_extra.go:108.4,108.10 1 0
github.com/tsloms/server/internal/ai/copilot_extra.go:111.2,111.17 1 1
github.com/tsloms/server/internal/ai/copilot_extra.go:115.87,117.58 2 0
github.com/tsloms/server/internal/ai/copilot_extra.go:117.58,119.3 1 0
github.com/tsloms/server/internal/ai/copilot_extra.go:120.2,128.23 8 0
github.com/tsloms/server/internal/ai/copilot_extra.go:128.23,130.3 1 0
github.com/tsloms/server/internal/ai/copilot_extra.go:131.2,134.26 3 0
github.com/tsloms/server/internal/ai/copilot_extra.go:134.26,136.3 1 0
github.com/tsloms/server/internal/ai/copilot_extra.go:136.8,138.3 1 0
github.com/tsloms/server/internal/ai/copilot_extra.go:139.2,141.21 2 0
github.com/tsloms/server/internal/ai/copilot_extra.go:141.21,147.82 3 0
github.com/tsloms/server/internal/ai/copilot_extra.go:147.82,149.63 2 0
github.com/tsloms/server/internal/ai/copilot_extra.go:149.63,151.5 1 0
github.com/tsloms/server/internal/ai/copilot_extra.go:152.4,152.53 1 0
github.com/tsloms/server/internal/ai/copilot_extra.go:152.53,153.35 1 0
github.com/tsloms/server/internal/ai/copilot_extra.go:153.35,156.6 2 0
github.com/tsloms/server/internal/ai/copilot_extra.go:156.11,156.42 1 0
github.com/tsloms/server/internal/ai/copilot_extra.go:156.42,159.6 2 0
github.com/tsloms/server/internal/ai/copilot_extra.go:161.4,161.63 1 0
github.com/tsloms/server/internal/ai/copilot_extra.go:161.63,163.5 1 0
github.com/tsloms/server/internal/ai/copilot_extra.go:164.4,164.62 1 0
github.com/tsloms/server/internal/ai/copilot_extra.go:164.62,166.5 1 0
github.com/tsloms/server/internal/ai/copilot_extra.go:167.4,167.10 1 0
github.com/tsloms/server/internal/ai/copilot_extra.go:170.2,170.17 1 0
github.com/tsloms/server/internal/ai/copilot_extra.go:174.103,177.27 3 1
github.com/tsloms/server/internal/ai/copilot_extra.go:177.27,180.23 3 1
github.com/tsloms/server/internal/ai/copilot_extra.go:180.23,182.4 1 1
github.com/tsloms/server/internal/ai/copilot_extra.go:183.3,183.19 1 1
github.com/tsloms/server/internal/ai/copilot_extra.go:183.19,185.4 1 1
github.com/tsloms/server/internal/ai/copilot_extra.go:187.2,187.34 1 1
github.com/tsloms/server/internal/ai/copilot_extra.go:187.34,189.3 1 1
github.com/tsloms/server/internal/ai/copilot_extra.go:190.2,191.26 2 1
github.com/tsloms/server/internal/ai/copilot_extra.go:191.26,193.3 1 1
github.com/tsloms/server/internal/ai/copilot_extra.go:193.8,195.3 1 1
github.com/tsloms/server/internal/ai/copilot_extra.go:196.2,196.20 1 1
github.com/tsloms/server/internal/ai/copilot_extra.go:196.20,198.62 2 0
github.com/tsloms/server/internal/ai/copilot_extra.go:198.62,200.4 1 0
github.com/tsloms/server/internal/ai/copilot_extra.go:201.8,203.3 1 1
github.com/tsloms/server/internal/ai/copilot_extra.go:205.2,205.21 1 1
github.com/tsloms/server/internal/ai/copilot_extra.go:205.21,209.81 4 1
github.com/tsloms/server/internal/ai/copilot_extra.go:209.81,211.46 2 0
github.com/tsloms/server/internal/ai/copilot_extra.go:211.46,213.19 2 0
github.com/tsloms/server/internal/ai/copilot_extra.go:213.19,214.14 1 0
github.com/tsloms/server/internal/ai/copilot_extra.go:216.5,217.35 2 0
github.com/tsloms/server/internal/ai/copilot_extra.go:217.35,219.6 1 0
github.com/tsloms/server/internal/ai/copilot_extra.go:221.4,221.10 1 0
github.com/tsloms/server/internal/ai/copilot_extra.go:224.2,224.12 1 1
github.com/tsloms/server/internal/ai/copilot_extra.go:236.50,237.32 1 1
github.com/tsloms/server/internal/ai/copilot_extra.go:237.32,239.3 1 0
github.com/tsloms/server/internal/ai/copilot_extra.go:240.2,240.11 1 1
github.com/tsloms/server/internal/ai/copilot_extra.go:243.47,244.26 1 1
github.com/tsloms/server/internal/ai/copilot_extra.go:245.15,246.16 1 0
github.com/tsloms/server/internal/ai/copilot_extra.go:247.11,248.11 1 0
github.com/tsloms/server/internal/ai/copilot_extra.go:250.2,250.10 1 1
github.com/tsloms/server/internal/ai/copilot_extra.go:253.61,254.26 1 1
github.com/tsloms/server/internal/ai/copilot_extra.go:255.15,256.25 1 0
github.com/tsloms/server/internal/ai/copilot_extra.go:257.11,258.25 1 0
github.com/tsloms/server/internal/ai/copilot_extra.go:259.14,261.52 2 0
github.com/tsloms/server/internal/ai/copilot_extra.go:261.52,263.4 1 0
github.com/tsloms/server/internal/ai/copilot_extra.go:265.2,265.17 1 1
github.com/tsloms/server/internal/ai/copilot_extra.go:268.61,271.2 2 1
github.com/tsloms/server/internal/ai/copilot_extra.go:273.43,274.10 1 0
github.com/tsloms/server/internal/ai/copilot_extra.go:274.10,276.3 1 0
github.com/tsloms/server/internal/ai/copilot_extra.go:277.2,277.10 1 0
github.com/tsloms/server/internal/ai/copilot_extra.go:280.33,281.41 1 0
github.com/tsloms/server/internal/ai/copilot_extra.go:281.41,282.28 1 0
github.com/tsloms/server/internal/ai/copilot_extra.go:282.28,284.4 1 0
github.com/tsloms/server/internal/ai/copilot_extra.go:286.2,286.10 1 0
github.com/tsloms/server/internal/ai/decision.go:60.36,61.17 1 1
github.com/tsloms/server/internal/ai/decision.go:61.17,63.3 1 1
github.com/tsloms/server/internal/ai/decision.go:64.2,64.17 1 1
github.com/tsloms/server/internal/ai/decision.go:64.17,66.3 1 1
github.com/tsloms/server/internal/ai/decision.go:67.2,67.14 1 1
github.com/tsloms/server/internal/ai/decision.go:70.37,71.15 1 0
github.com/tsloms/server/internal/ai/decision.go:72.14,73.18 1 0
github.com/tsloms/server/internal/ai/decision.go:74.14,75.18 1 0
github.com/tsloms/server/internal/ai/decision.go:76.10,77.18 1 0
github.com/tsloms/server/internal/ai/decision.go:86.43,122.29 19 0
github.com/tsloms/server/internal/ai/decision.go:122.29,124.3 1 0
github.com/tsloms/server/internal/ai/decision.go:125.2,125.22 1 0
github.com/tsloms/server/internal/ai/decision.go:125.22,127.3 1 0
github.com/tsloms/server/internal/ai/decision.go:130.2,138.98 5 0
github.com/tsloms/server/internal/ai/decision.go:138.98,140.26 2 0
github.com/tsloms/server/internal/ai/decision.go:140.26,141.29 1 0
github.com/tsloms/server/internal/ai/decision.go:141.29,143.5 1 0
github.com/tsloms/server/internal/ai/decision.go:145.3,145.58 1 0
github.com/tsloms/server/internal/ai/decision.go:148.2,152.28 3 0
github.com/tsloms/server/internal/ai/decision.go:152.28,155.17 3 0
github.com/tsloms/server/internal/ai/decision.go:155.17,157.4 1 0
github.com/tsloms/server/internal/ai/decision.go:159.2,167.9 3 0
github.com/tsloms/server/internal/ai/decision.go:168.31,169.17 1 0
github.com/tsloms/server/internal/ai/decision.go:170.31,171.17 1 0
github.com/tsloms/server/internal/ai/decision.go:172.31,173.17 1 0
github.com/tsloms/server/internal/ai/decision.go:174.31,175.17 1 0
github.com/tsloms/server/internal/ai/decision.go:176.10,177.17 1 0
github.com/tsloms/server/internal/ai/decision.go:179.2,187.9 3 0
github.com/tsloms/server/internal/ai/decision.go:188.31,189.20 1 0
github.com/tsloms/server/internal/ai/decision.go:190.31,191.20 1 0
github.com/tsloms/server/internal/ai/decision.go:192.31,193.20 1 0
github.com/tsloms/server/internal/ai/decision.go:194.10,195.20 1 0
github.com/tsloms/server/internal/ai/decision.go:197.2,205.9 3 0
github.com/tsloms/server/internal/ai/decision.go:206.33,207.20 1 0
github.com/tsloms/server/internal/ai/decision.go:208.34,209.20 1 0
github.com/tsloms/server/internal/ai/decision.go:210.34,211.20 1 0
github.com/tsloms/server/internal/ai/decision.go:212.34,213.20 1 0
github.com/tsloms/server/internal/ai/decision.go:214.10,215.20 1 0
github.com/tsloms/server/internal/ai/decision.go:217.2,225.9 3 0
github.com/tsloms/server/internal/ai/decision.go:226.19,227.17 1 0
github.com/tsloms/server/internal/ai/decision.go:228.21,229.17 1 0
github.com/tsloms/server/internal/ai/decision.go:230.22,231.17 1 0
github.com/tsloms/server/internal/ai/decision.go:232.22,233.17 1 0
github.com/tsloms/server/internal/ai/decision.go:234.10,235.17 1 0
github.com/tsloms/server/internal/ai/decision.go:237.2,245.9 3 0
github.com/tsloms/server/internal/ai/decision.go:246.26,247.16 1 0
github.com/tsloms/server/internal/ai/decision.go:248.27,249.16 1 0
github.com/tsloms/server/internal/ai/decision.go:250.27,251.16 1 0
github.com/tsloms/server/internal/ai/decision.go:252.10,253.16 1 0
github.com/tsloms/server/internal/ai/decision.go:255.2,262.25 3 0
github.com/tsloms/server/internal/ai/decision.go:262.25,264.3 1 0
github.com/tsloms/server/internal/ai/decision.go:265.2,270.25 4 0
github.com/tsloms/server/internal/ai/decision.go:270.25,271.28 1 0
github.com/tsloms/server/internal/ai/decision.go:271.28,273.4 1 0
github.com/tsloms/server/internal/ai/decision.go:275.2,281.8 2 0
github.com/tsloms/server/internal/ai/decision.go:284.33,285.11 1 1
github.com/tsloms/server/internal/ai/decision.go:285.11,287.3 1 1
github.com/tsloms/server/internal/ai/decision.go:288.2,288.13 1 1
github.com/tsloms/server/internal/ai/decision.go:288.13,290.3 1 1
github.com/tsloms/server/internal/ai/decision.go:291.2,291.10 1 1
github.com/tsloms/server/internal/ai/decision.go:307.53,316.32 7 0
github.com/tsloms/server/internal/ai/decision.go:316.32,317.27 1 0
github.com/tsloms/server/internal/ai/decision.go:317.27,318.12 1 0
github.com/tsloms/server/internal/ai/decision.go:320.3,321.10 2 0
github.com/tsloms/server/internal/ai/decision.go:321.10,324.90 3 0
github.com/tsloms/server/internal/ai/decision.go:324.90,326.5 1 0
github.com/tsloms/server/internal/ai/decision.go:327.4,328.28 2 0
github.com/tsloms/server/internal/ai/decision.go:330.3,330.16 1 0
github.com/tsloms/server/internal/ai/decision.go:332.2,332.19 1 0
github.com/tsloms/server/internal/ai/decision.go:332.19,334.26 2 0
github.com/tsloms/server/internal/ai/decision.go:334.26,336.4 1 0
github.com/tsloms/server/internal/ai/decision.go:337.3,337.42 1 0
github.com/tsloms/server/internal/ai/decision.go:337.42,337.94 1 0
github.com/tsloms/server/internal/ai/decision.go:338.3,340.110 3 0
github.com/tsloms/server/internal/ai/decision.go:340.110,342.30 2 0
github.com/tsloms/server/internal/ai/decision.go:342.30,344.5 1 0
github.com/tsloms/server/internal/ai/decision.go:345.4,351.6 1 0
github.com/tsloms/server/internal/ai/decision.go:356.2,368.25 6 0
github.com/tsloms/server/internal/ai/decision.go:368.25,370.3 1 0
github.com/tsloms/server/internal/ai/decision.go:372.2,372.27 1 0
github.com/tsloms/server/internal/ai/decision.go:372.27,374.10 2 0
github.com/tsloms/server/internal/ai/decision.go:374.10,375.12 1 0
github.com/tsloms/server/internal/ai/decision.go:377.3,379.31 3 0
github.com/tsloms/server/internal/ai/decision.go:379.31,381.54 2 0
github.com/tsloms/server/internal/ai/decision.go:381.54,383.5 1 0
github.com/tsloms/server/internal/ai/decision.go:384.4,393.6 1 0
github.com/tsloms/server/internal/ai/decision.go:397.2,397.25 1 0
github.com/tsloms/server/internal/ai/decision.go:397.25,398.44 1 0
github.com/tsloms/server/internal/ai/decision.go:398.44,406.4 1 0
github.com/tsloms/server/internal/ai/decision.go:410.2,425.31 6 0
github.com/tsloms/server/internal/ai/decision.go:425.31,426.30 1 0
github.com/tsloms/server/internal/ai/decision.go:426.30,428.4 1 0
github.com/tsloms/server/internal/ai/decision.go:430.2,430.48 1 0
github.com/tsloms/server/internal/ai/decision.go:430.48,438.3 1 0
github.com/tsloms/server/internal/ai/decision.go:439.2,439.61 1 0
github.com/tsloms/server/internal/ai/decision.go:439.61,448.3 2 0
github.com/tsloms/server/internal/ai/decision.go:451.2,453.17 3 0
github.com/tsloms/server/internal/ai/decision.go:453.17,459.3 1 0
github.com/tsloms/server/internal/ai/decision.go:462.2,462.50 1 0
github.com/tsloms/server/internal/ai/decision.go:462.50,464.3 1 0
github.com/tsloms/server/internal/ai/decision.go:467.2,467.24 1 0
github.com/tsloms/server/internal/ai/decision.go:467.24,469.3 1 0
github.com/tsloms/server/internal/ai/decision.go:470.2,470.23 1 0
github.com/tsloms/server/internal/ai/decision.go:473.29,474.11 1 1
github.com/tsloms/server/internal/ai/decision.go:475.14,476.11 1 1
github.com/tsloms/server/internal/ai/decision.go:477.16,478.11 1 1
github.com/tsloms/server/internal/ai/decision.go:479.10,480.11 1 1
github.com/tsloms/server/internal/ai/decision.go:489.65,491.16 2 0
github.com/tsloms/server/internal/ai/decision.go:491.16,493.3 1 0
github.com/tsloms/server/internal/ai/decision.go:494.2,495.16 2 0
github.com/tsloms/server/internal/ai/decision.go:495.16,497.3 1 0
github.com/tsloms/server/internal/ai/decision.go:499.2,506.43 3 0
github.com/tsloms/server/internal/ai/decision.go:506.43,509.31 3 0
github.com/tsloms/server/internal/ai/decision.go:509.31,511.4 1 0
github.com/tsloms/server/internal/ai/decision.go:512.3,513.81 2 0
github.com/tsloms/server/internal/ai/decision.go:513.81,515.70 2 0
github.com/tsloms/server/internal/ai/decision.go:515.70,517.5 1 0
github.com/tsloms/server/internal/ai/decision.go:520.2,520.23 1 0
github.com/tsloms/server/internal/ai/decision.go:520.23,522.3 1 0
github.com/tsloms/server/internal/ai/decision.go:523.2,523.17 1 0
github.com/tsloms/server/internal/ai/decision.go:533.117,534.32 1 0
github.com/tsloms/server/internal/ai/decision.go:534.32,536.3 1 0
github.com/tsloms/server/internal/ai/decision.go:537.2,537.21 1 0
github.com/tsloms/server/internal/ai/decision.go:537.21,539.3 1 0
github.com/tsloms/server/internal/ai/decision.go:540.2,540.21 1 0
github.com/tsloms/server/internal/ai/decision.go:540.21,542.60 2 0
github.com/tsloms/server/internal/ai/decision.go:542.60,544.4 1 0
github.com/tsloms/server/internal/ai/decision.go:545.3,545.30 1 0
github.com/tsloms/server/internal/ai/decision.go:548.2,550.27 3 0
github.com/tsloms/server/internal/ai/decision.go:550.27,551.23 1 0
github.com/tsloms/server/internal/ai/decision.go:551.23,552.12 1 0
github.com/tsloms/server/internal/ai/decision.go:554.3,555.85 2 0
github.com/tsloms/server/internal/ai/decision.go:555.85,557.4 1 0
github.com/tsloms/server/internal/ai/decision.go:558.3,559.17 2 0
github.com/tsloms/server/internal/ai/decision.go:559.17,561.4 1 0
github.com/tsloms/server/internal/ai/decision.go:562.3,567.5 3 0
github.com/tsloms/server/internal/ai/decision.go:569.2,569.23 1 0
github.com/tsloms/server/internal/ai/decision.go:569.23,571.3 1 0
github.com/tsloms/server/internal/ai/decision.go:573.2,574.54 2 0
github.com/tsloms/server/internal/ai/decision.go:574.54,580.46 3 0
github.com/tsloms/server/internal/ai/decision.go:580.46,582.4 1 0
github.com/tsloms/server/internal/ai/decision.go:583.3,583.26 1 0
github.com/tsloms/server/internal/ai/decision.go:583.26,585.55 2 0
github.com/tsloms/server/internal/ai/decision.go:585.55,587.5 1 0
github.com/tsloms/server/internal/ai/decision.go:589.3,589.13 1 0
github.com/tsloms/server/internal/ai/decision.go:591.2,591.16 1 0
github.com/tsloms/server/internal/ai/decision.go:591.16,593.3 1 0
github.com/tsloms/server/internal/ai/decision.go:596.2,596.21 1 0
github.com/tsloms/server/internal/ai/decision.go:596.21,599.81 3 0
github.com/tsloms/server/internal/ai/decision.go:599.81,601.4 1 0
github.com/tsloms/server/internal/ai/decision.go:602.3,605.5 1 0
github.com/tsloms/server/internal/ai/decision.go:607.2,607.24 1 0
github.com/tsloms/server/internal/ai/diagnostic.go:24.107,32.26 3 0
github.com/tsloms/server/internal/ai/diagnostic.go:32.26,35.3 1 0
github.com/tsloms/server/internal/ai/diagnostic.go:36.2,36.21 1 0
github.com/tsloms/server/internal/ai/diagnostic.go:36.21,38.28 2 0
github.com/tsloms/server/internal/ai/diagnostic.go:38.28,40.4 1 0
github.com/tsloms/server/internal/ai/diagnostic.go:44.2,54.23 5 0
github.com/tsloms/server/internal/ai/diagnostic.go:54.23,55.94 1 0
github.com/tsloms/server/internal/ai/diagnostic.go:55.94,58.4 1 0
github.com/tsloms/server/internal/ai/diagnostic.go:60.2,60.77 1 0
github.com/tsloms/server/internal/ai/diagnostic.go:60.77,63.3 1 0
github.com/tsloms/server/internal/ai/diagnostic.go:66.2,66.33 1 0
github.com/tsloms/server/internal/ai/diagnostic.go:70.84,74.21 4 1
github.com/tsloms/server/internal/ai/diagnostic.go:74.21,78.3 3 1
github.com/tsloms/server/internal/ai/diagnostic.go:79.2,79.118 1 1
github.com/tsloms/server/internal/ai/diagnostic.go:84.52,87.26 3 1
github.com/tsloms/server/internal/ai/diagnostic.go:87.26,88.14 1 1
github.com/tsloms/server/internal/ai/diagnostic.go:88.14,89.12 1 1
github.com/tsloms/server/internal/ai/diagnostic.go:91.3,92.59 2 1
github.com/tsloms/server/internal/ai/diagnostic.go:92.59,93.12 1 1
github.com/tsloms/server/internal/ai/diagnostic.go:95.3,96.17 2 1
github.com/tsloms/server/internal/ai/diagnostic.go:96.17,97.12 1 0
github.com/tsloms/server/internal/ai/diagnostic.go:100.3,101.10 2 1
github.com/tsloms/server/internal/ai/diagnostic.go:101.10,103.12 1 1
github.com/tsloms/server/internal/ai/diagnostic.go:106.3,107.25 2 1
github.com/tsloms/server/internal/ai/diagnostic.go:107.25,109.11 2 1
github.com/tsloms/server/internal/ai/diagnostic.go:110.39,111.23 1 1
github.com/tsloms/server/internal/ai/diagnostic.go:112.39,113.23 1 0
github.com/tsloms/server/internal/ai/diagnostic.go:116.3,116.82 1 1
github.com/tsloms/server/internal/ai/diagnostic.go:118.2,118.12 1 1
github.com/tsloms/server/internal/ai/diagnostic.go:122.43,126.26 4 1
github.com/tsloms/server/internal/ai/diagnostic.go:126.26,129.77 2 1
github.com/tsloms/server/internal/ai/diagnostic.go:129.77,132.12 3 1
github.com/tsloms/server/internal/ai/diagnostic.go:134.3,134.14 1 1
github.com/tsloms/server/internal/ai/diagnostic.go:134.14,135.105 1 1
github.com/tsloms/server/internal/ai/diagnostic.go:135.105,136.10 1 1
github.com/tsloms/server/internal/ai/diagnostic.go:138.4,138.18 1 0
github.com/tsloms/server/internal/ai/diagnostic.go:138.18,139.13 1 0
github.com/tsloms/server/internal/ai/diagnostic.go:141.4,141.27 1 0
github.com/tsloms/server/internal/ai/diagnostic.go:144.2,144.19 1 1
github.com/tsloms/server/internal/ai/diagnostic.go:144.19,146.3 1 1
github.com/tsloms/server/internal/ai/diagnostic.go:147.2,147.31 1 1
github.com/tsloms/server/internal/ai/diagnostic.go:150.42,151.14 1 1
github.com/tsloms/server/internal/ai/diagnostic.go:151.14,153.3 1 1
github.com/tsloms/server/internal/ai/diagnostic.go:154.2,154.12 1 1
github.com/tsloms/server/internal/ai/engine.go:48.33,48.57 1 1
github.com/tsloms/server/internal/ai/engine.go:51.39,52.11 1 1
github.com/tsloms/server/internal/ai/engine.go:53.18,54.45 1 1
github.com/tsloms/server/internal/ai/engine.go:55.20,56.38 1 1
github.com/tsloms/server/internal/ai/engine.go:57.17,58.41 1 0
github.com/tsloms/server/internal/ai/engine.go:59.21,60.38 1 0
github.com/tsloms/server/internal/ai/engine.go:61.13,62.32 1 1
github.com/tsloms/server/internal/ai/engine.go:63.17,64.39 1 0
github.com/tsloms/server/internal/ai/engine.go:65.10,66.24 1 0
github.com/tsloms/server/internal/ai/engine.go:72.46,79.19 4 1
github.com/tsloms/server/internal/ai/engine.go:79.19,81.10 2 1
github.com/tsloms/server/internal/ai/engine.go:82.18,85.82 3 1
github.com/tsloms/server/internal/ai/engine.go:86.17,89.75 3 1
github.com/tsloms/server/internal/ai/engine.go:90.17,93.71 3 1
github.com/tsloms/server/internal/ai/engine.go:94.17,96.16 2 0
github.com/tsloms/server/internal/ai/engine.go:101.2,101.9 1 1
github.com/tsloms/server/internal/ai/engine.go:102.27,105.72 3 1
github.com/tsloms/server/internal/ai/engine.go:106.27,109.60 3 1
github.com/tsloms/server/internal/ai/engine.go:110.27,112.16 2 0
github.com/tsloms/server/internal/ai/engine.go:116.2,117.9 2 1
github.com/tsloms/server/internal/ai/engine.go:118.21,121.76 3 1
github.com/tsloms/server/internal/ai/engine.go:122.37,124.16 2 0
github.com/tsloms/server/internal/ai/engine.go:128.2,128.9 1 1
github.com/tsloms/server/internal/ai/engine.go:129.27,132.77 3 1
github.com/tsloms/server/internal/ai/engine.go:133.27,135.16 2 0
github.com/tsloms/server/internal/ai/engine.go:136.27,137.13 1 0
github.com/tsloms/server/internal/ai/engine.go:141.2,141.23 1 1
github.com/tsloms/server/internal/ai/engine.go:141.23,145.3 3 0
github.com/tsloms/server/internal/ai/engine.go:148.2,148.15 1 1
github.com/tsloms/server/internal/ai/engine.go:148.15,151.3 2 1
github.com/tsloms/server/internal/ai/engine.go:154.2,154.15 1 1
github.com/tsloms/server/internal/ai/engine.go:154.15,156.3 1 0
github.com/tsloms/server/internal/ai/engine.go:157.2,162.9 4 1
github.com/tsloms/server/internal/ai/engine.go:163.21,165.29 2 1
github.com/tsloms/server/internal/ai/engine.go:166.21,168.27 2 1
github.com/tsloms/server/internal/ai/engine.go:169.21,171.26 2 0
github.com/tsloms/server/internal/ai/engine.go:172.10,174.22 2 1
github.com/tsloms/server/internal/ai/engine.go:178.2,178.27 1 1
github.com/tsloms/server/internal/ai/engine.go:178.27,180.3 1 1
github.com/tsloms/server/internal/ai/engine.go:183.2,187.17 3 1
github.com/tsloms/server/internal/ai/engine.go:187.17,189.3 1 0
github.com/tsloms/server/internal/ai/engine.go:192.2,205.3 2 1
github.com/tsloms/server/internal/ai/engine.go:209.67,219.2 2 1
github.com/tsloms/server/internal/ai/engine.go:221.25,222.12 1 1
github.com/tsloms/server/internal/ai/engine.go:222.12,224.3 1 0
github.com/tsloms/server/internal/ai/engine.go:225.2,226.9 2 1
github.com/tsloms/server/internal/ai/engine.go:226.9,228.3 1 0
github.com/tsloms/server/internal/ai/engine.go:229.2,230.12 2 1
github.com/tsloms/server/internal/ai/engine.go:230.12,233.3 2 1
github.com/tsloms/server/internal/ai/engine.go:234.2,234.9 1 1
github.com/tsloms/server/internal/ai/engine.go:234.9,236.3 1 0
github.com/tsloms/server/internal/ai/engine.go:237.2,237.18 1 1
github.com/tsloms/server/internal/ai/engine.go:241.43,242.22 1 1
github.com/tsloms/server/internal/ai/engine.go:242.22,244.3 1 1
github.com/tsloms/server/internal/ai/engine.go:245.2,245.49 1 1
github.com/tsloms/server/internal/ai/helpers.go:8.43,9.23 1 0
github.com/tsloms/server/internal/ai/helpers.go:9.23,11.3 1 0
github.com/tsloms/server/internal/ai/helpers.go:12.2,13.18 2 0
github.com/tsloms/server/internal/ai/imageopt.go:30.52,31.19 1 1
github.com/tsloms/server/internal/ai/imageopt.go:31.19,33.3 1 1
github.com/tsloms/server/internal/ai/imageopt.go:36.2,36.55 1 1
github.com/tsloms/server/internal/ai/imageopt.go:36.55,37.66 1 1
github.com/tsloms/server/internal/ai/imageopt.go:37.66,39.4 1 1
github.com/tsloms/server/internal/ai/imageopt.go:40.3,40.19 1 1
github.com/tsloms/server/internal/ai/imageopt.go:43.2,44.16 2 1
github.com/tsloms/server/internal/ai/imageopt.go:44.16,47.3 1 1
github.com/tsloms/server/internal/ai/imageopt.go:50.2,52.22 3 1
github.com/tsloms/server/internal/ai/imageopt.go:52.22,54.3 1 0
github.com/tsloms/server/internal/ai/imageopt.go:55.2,56.9 2 1
github.com/tsloms/server/internal/ai/imageopt.go:57.32,58.43 1 1
github.com/tsloms/server/internal/ai/imageopt.go:59.22,60.43 1 0
github.com/tsloms/server/internal/ai/imageopt.go:62.2,63.12 2 1
github.com/tsloms/server/internal/ai/imageopt.go:63.12,65.3 1 0
github.com/tsloms/server/internal/ai/imageopt.go:66.2,66.12 1 1
github.com/tsloms/server/internal/ai/imageopt.go:66.12,68.3 1 0
github.com/tsloms/server/internal/ai/imageopt.go:71.2,76.55 4 1
github.com/tsloms/server/internal/ai/imageopt.go:76.55,78.75 2 1
github.com/tsloms/server/internal/ai/imageopt.go:78.75,79.9 1 0
github.com/tsloms/server/internal/ai/imageopt.go:81.3,81.34 1 1
github.com/tsloms/server/internal/ai/imageopt.go:81.34,83.9 2 1
github.com/tsloms/server/internal/ai/imageopt.go:86.3,86.28 1 0
github.com/tsloms/server/internal/ai/imageopt.go:86.28,88.4 1 0
github.com/tsloms/server/internal/ai/imageopt.go:90.2,90.26 1 1
github.com/tsloms/server/internal/ai/imageopt.go:90.26,92.3 1 1
github.com/tsloms/server/internal/ai/imageopt.go:93.2,93.18 1 0
github.com/tsloms/server/internal/ai/lifecycle.go:28.69,32.28 2 0
github.com/tsloms/server/internal/ai/lifecycle.go:32.28,37.3 1 0
github.com/tsloms/server/internal/ai/lifecycle.go:40.2,43.27 4 0
github.com/tsloms/server/internal/ai/lifecycle.go:43.27,49.3 1 0
github.com/tsloms/server/internal/ai/lifecycle.go:52.2,54.27 3 0
github.com/tsloms/server/internal/ai/lifecycle.go:54.27,60.3 1 0
github.com/tsloms/server/internal/ai/lifecycle.go:66.2,75.75 4 0
github.com/tsloms/server/internal/ai/lifecycle.go:75.75,79.3 3 0
github.com/tsloms/server/internal/ai/lifecycle.go:79.8,84.3 2 0
github.com/tsloms/server/internal/ai/lifecycle.go:86.2,86.12 1 0
github.com/tsloms/server/internal/ai/lifecycle.go:90.53,92.31 2 1
github.com/tsloms/server/internal/ai/lifecycle.go:92.31,94.3 1 1
github.com/tsloms/server/internal/ai/lifecycle.go:95.2,95.10 1 1
github.com/tsloms/server/internal/ai/lifecycle.go:98.31,98.57 1 1
github.com/tsloms/server/internal/ai/lifecycle.go:99.31,99.57 1 1
github.com/tsloms/server/internal/ai/llm.go:23.51,24.16 1 1
github.com/tsloms/server/internal/ai/llm.go:24.16,26.3 1 1
github.com/tsloms/server/internal/ai/llm.go:27.2,31.3 1 1
github.com/tsloms/server/internal/ai/llm.go:81.57,82.20 1 1
github.com/tsloms/server/internal/ai/llm.go:82.20,84.3 1 0
github.com/tsloms/server/internal/ai/llm.go:85.2,86.59 2 1
github.com/tsloms/server/internal/ai/llm.go:86.59,88.3 1 0
github.com/tsloms/server/internal/ai/llm.go:89.2,89.62 1 1
github.com/tsloms/server/internal/ai/llm.go:89.62,91.3 1 0
github.com/tsloms/server/internal/ai/llm.go:92.2,92.30 1 1
github.com/tsloms/server/internal/ai/llm.go:96.82,98.16 2 1
github.com/tsloms/server/internal/ai/llm.go:98.16,100.3 1 0
github.com/tsloms/server/internal/ai/llm.go:101.2,101.92 1 1
github.com/tsloms/server/internal/ai/llm.go:105.112,107.16 2 0
github.com/tsloms/server/internal/ai/llm.go:107.16,109.3 1 0
github.com/tsloms/server/internal/ai/llm.go:110.2,111.34 2 0
github.com/tsloms/server/internal/ai/llm.go:111.34,113.3 1 0
github.com/tsloms/server/internal/ai/llm.go:114.2,114.93 1 0
github.com/tsloms/server/internal/ai/llm.go:118.102,124.16 3 1
github.com/tsloms/server/internal/ai/llm.go:124.16,126.3 1 0
github.com/tsloms/server/internal/ai/llm.go:127.2,131.16 4 1
github.com/tsloms/server/internal/ai/llm.go:131.16,134.3 2 0
github.com/tsloms/server/internal/ai/llm.go:135.2,139.49 4 1
github.com/tsloms/server/internal/ai/llm.go:139.49,142.3 2 0
github.com/tsloms/server/internal/ai/llm.go:143.2,143.21 1 1
github.com/tsloms/server/internal/ai/llm.go:143.21,146.3 2 1
github.com/tsloms/server/internal/ai/llm.go:147.2,147.26 1 0
github.com/tsloms/server/internal/ai/llm.go:147.26,150.3 2 0
github.com/tsloms/server/internal/ai/llm.go:151.2,153.16 3 0
github.com/tsloms/server/internal/ai/llm.go:153.16,155.3 1 0
github.com/tsloms/server/internal/ai/llm.go:156.2,157.28 2 0
github.com/tsloms/server/internal/ai/llm.go:161.103,167.2 2 1
github.com/tsloms/server/internal/ai/nl.go:59.53,61.16 2 1
github.com/tsloms/server/internal/ai/nl.go:61.16,63.3 1 1
github.com/tsloms/server/internal/ai/nl.go:66.2,66.25 1 0
github.com/tsloms/server/internal/ai/nl.go:66.25,68.3 1 0
github.com/tsloms/server/internal/ai/nl.go:70.2,72.21 2 0
github.com/tsloms/server/internal/ai/nl.go:72.21,73.66 1 0
github.com/tsloms/server/internal/ai/nl.go:73.66,75.4 1 0
github.com/tsloms/server/internal/ai/nl.go:78.2,79.34 2 0
github.com/tsloms/server/internal/ai/nl.go:83.38,85.104 2 1
github.com/tsloms/server/internal/ai/nl.go:85.104,87.3 1 1
github.com/tsloms/server/internal/ai/nl.go:88.2,89.116 1 1
github.com/tsloms/server/internal/ai/nl.go:93.84,108.16 3 0
github.com/tsloms/server/internal/ai/nl.go:108.16,110.3 1 0
github.com/tsloms/server/internal/ai/nl.go:111.2,112.74 2 0
github.com/tsloms/server/internal/ai/nl.go:112.74,114.3 1 0
github.com/tsloms/server/internal/ai/nl.go:115.2,115.21 1 0
github.com/tsloms/server/internal/ai/nl.go:115.21,117.3 1 0
github.com/tsloms/server/internal/ai/nl.go:118.2,118.19 1 0
github.com/tsloms/server/internal/ai/nl.go:118.19,120.3 1 0
github.com/tsloms/server/internal/ai/nl.go:121.2,121.22 1 0
github.com/tsloms/server/internal/ai/nl.go:121.22,123.3 1 0
github.com/tsloms/server/internal/ai/nl.go:124.2,124.16 1 0
github.com/tsloms/server/internal/ai/nl.go:128.41,133.126 2 1
github.com/tsloms/server/internal/ai/nl.go:133.126,135.3 1 1
github.com/tsloms/server/internal/ai/nl.go:136.2,136.9 1 1
github.com/tsloms/server/internal/ai/nl.go:137.232,139.29 2 0
github.com/tsloms/server/internal/ai/nl.go:140.250,142.25 2 1
github.com/tsloms/server/internal/ai/nl.go:143.183,146.40 3 1
github.com/tsloms/server/internal/ai/nl.go:147.112,150.40 3 1
github.com/tsloms/server/internal/ai/nl.go:151.227,154.40 3 1
github.com/tsloms/server/internal/ai/nl.go:155.186,158.41 3 1
github.com/tsloms/server/internal/ai/nl.go:159.188,163.38 4 1
github.com/tsloms/server/internal/ai/nl.go:164.202,168.27 4 1
github.com/tsloms/server/internal/ai/nl.go:170.2,170.11 1 1
github.com/tsloms/server/internal/ai/nl.go:174.61,176.17 1 0
github.com/tsloms/server/internal/ai/nl.go:177.22,178.63 1 0
github.com/tsloms/server/internal/ai/nl.go:178.63,180.4 1 0
github.com/tsloms/server/internal/ai/nl.go:181.26,182.67 1 0
github.com/tsloms/server/internal/ai/nl.go:182.67,184.4 1 0
github.com/tsloms/server/internal/ai/nl.go:185.10,185.10 0 0
github.com/tsloms/server/internal/ai/nl.go:189.2,189.17 1 0
github.com/tsloms/server/internal/ai/nl.go:190.20,191.34 1 0
github.com/tsloms/server/internal/ai/nl.go:192.23,193.37 1 0
github.com/tsloms/server/internal/ai/nl.go:194.25,195.39 1 0
github.com/tsloms/server/internal/ai/nl.go:196.25,197.39 1 0
github.com/tsloms/server/internal/ai/nl.go:198.20,199.34 1 0
github.com/tsloms/server/internal/ai/nl.go:200.24,201.38 1 0
github.com/tsloms/server/internal/ai/nl.go:202.22,203.41 1 0
github.com/tsloms/server/internal/ai/nl.go:204.26,205.45 1 0
github.com/tsloms/server/internal/ai/nl.go:206.10,207.27 1 0
github.com/tsloms/server/internal/ai/nl.go:214.63,216.21 1 1
github.com/tsloms/server/internal/ai/nl.go:216.21,218.3 1 0
github.com/tsloms/server/internal/ai/nl.go:219.2,220.16 2 1
github.com/tsloms/server/internal/ai/nl.go:220.16,222.3 1 1
github.com/tsloms/server/internal/ai/nl.go:223.2,223.18 1 1
github.com/tsloms/server/internal/ai/nl.go:223.18,225.3 1 1
github.com/tsloms/server/internal/ai/nl.go:226.2,226.26 1 1
github.com/tsloms/server/internal/ai/nl.go:231.54,246.25 7 0
github.com/tsloms/server/internal/ai/nl.go:246.25,249.3 2 0
github.com/tsloms/server/internal/ai/nl.go:250.2,251.19 2 0
github.com/tsloms/server/internal/ai/nl.go:251.19,253.26 2 0
github.com/tsloms/server/internal/ai/nl.go:253.26,254.14 1 0
github.com/tsloms/server/internal/ai/nl.go:254.14,256.10 2 0
github.com/tsloms/server/internal/ai/nl.go:258.4,258.67 1 0
github.com/tsloms/server/internal/ai/nl.go:260.3,260.50 1 0
github.com/tsloms/server/internal/ai/nl.go:262.2,262.20 1 0
github.com/tsloms/server/internal/ai/nl.go:262.20,264.3 1 0
github.com/tsloms/server/internal/ai/nl.go:265.2,265.152 1 0
github.com/tsloms/server/internal/ai/nl.go:268.57,272.12 4 0
github.com/tsloms/server/internal/ai/nl.go:272.12,274.3 1 0
github.com/tsloms/server/internal/ai/nl.go:274.8,276.17 2 0
github.com/tsloms/server/internal/ai/nl.go:276.17,278.4 1 0
github.com/tsloms/server/internal/ai/nl.go:279.3,279.17 1 0
github.com/tsloms/server/internal/ai/nl.go:279.17,281.4 1 0
github.com/tsloms/server/internal/ai/nl.go:281.9,283.4 1 0
github.com/tsloms/server/internal/ai/nl.go:285.2,287.20 2 0
github.com/tsloms/server/internal/ai/nl.go:287.20,289.3 1 0
github.com/tsloms/server/internal/ai/nl.go:290.2,292.25 3 0
github.com/tsloms/server/internal/ai/nl.go:292.25,294.21 2 0
github.com/tsloms/server/internal/ai/nl.go:294.21,296.4 1 0
github.com/tsloms/server/internal/ai/nl.go:297.3,298.18 2 0
github.com/tsloms/server/internal/ai/nl.go:298.18,300.4 1 0
github.com/tsloms/server/internal/ai/nl.go:301.3,302.29 2 0
github.com/tsloms/server/internal/ai/nl.go:302.29,304.4 1 0
github.com/tsloms/server/internal/ai/nl.go:305.3,306.25 2 0
github.com/tsloms/server/internal/ai/nl.go:306.25,308.4 1 0
github.com/tsloms/server/internal/ai/nl.go:309.3,310.94 2 0
github.com/tsloms/server/internal/ai/nl.go:312.2,313.125 2 0
github.com/tsloms/server/internal/ai/nl.go:316.59,327.25 7 0
github.com/tsloms/server/internal/ai/nl.go:327.25,329.3 1 0
github.com/tsloms/server/internal/ai/nl.go:331.2,341.29 8 0
github.com/tsloms/server/internal/ai/nl.go:341.29,343.3 1 0
github.com/tsloms/server/internal/ai/nl.go:344.2,344.179 1 0
github.com/tsloms/server/internal/ai/nl.go:347.59,362.25 7 0
github.com/tsloms/server/internal/ai/nl.go:362.25,365.3 2 0
github.com/tsloms/server/internal/ai/nl.go:366.2,367.21 2 0
github.com/tsloms/server/internal/ai/nl.go:367.21,369.71 2 0
github.com/tsloms/server/internal/ai/nl.go:369.71,370.30 1 0
github.com/tsloms/server/internal/ai/nl.go:370.30,372.5 1 0
github.com/tsloms/server/internal/ai/nl.go:374.3,374.53 1 0
github.com/tsloms/server/internal/ai/nl.go:376.2,376.22 1 0
github.com/tsloms/server/internal/ai/nl.go:376.22,378.3 1 0
github.com/tsloms/server/internal/ai/nl.go:379.2,379.162 1 0
github.com/tsloms/server/internal/ai/nl.go:383.54,385.16 2 0
github.com/tsloms/server/internal/ai/nl.go:385.16,387.3 1 0
github.com/tsloms/server/internal/ai/nl.go:388.2,391.24 3 0
github.com/tsloms/server/internal/ai/nl.go:391.24,393.31 2 0
github.com/tsloms/server/internal/ai/nl.go:393.31,394.14 1 0
github.com/tsloms/server/internal/ai/nl.go:394.14,395.10 1 0
github.com/tsloms/server/internal/ai/nl.go:397.4,397.62 1 0
github.com/tsloms/server/internal/ai/nl.go:399.3,399.50 1 0
github.com/tsloms/server/internal/ai/nl.go:400.8,402.3 1 0
github.com/tsloms/server/internal/ai/nl.go:403.2,407.3 1 0
github.com/tsloms/server/internal/ai/nl.go:412.58,415.16 3 0
github.com/tsloms/server/internal/ai/nl.go:415.16,417.3 1 0
github.com/tsloms/server/internal/ai/nl.go:418.2,419.25 2 0
github.com/tsloms/server/internal/ai/nl.go:419.25,420.32 1 0
github.com/tsloms/server/internal/ai/nl.go:420.32,421.14 1 0
github.com/tsloms/server/internal/ai/nl.go:421.14,423.10 2 0
github.com/tsloms/server/internal/ai/nl.go:425.4,425.55 1 0
github.com/tsloms/server/internal/ai/nl.go:427.3,427.50 1 0
github.com/tsloms/server/internal/ai/nl.go:429.2,433.3 1 0
github.com/tsloms/server/internal/ai/nl.go:438.68,441.13 3 0
github.com/tsloms/server/internal/ai/nl.go:441.13,443.3 1 0
github.com/tsloms/server/internal/ai/nl.go:444.2,444.13 1 0
github.com/tsloms/server/internal/ai/nl.go:444.13,446.3 1 0
github.com/tsloms/server/internal/ai/nl.go:447.2,448.12 2 0
github.com/tsloms/server/internal/ai/nl.go:448.12,450.73 2 0
github.com/tsloms/server/internal/ai/nl.go:450.73,452.4 1 0
github.com/tsloms/server/internal/ai/nl.go:455.2,455.19 1 0
github.com/tsloms/server/internal/ai/nl.go:455.19,457.17 2 0
github.com/tsloms/server/internal/ai/nl.go:457.17,459.4 1 0
github.com/tsloms/server/internal/ai/nl.go:460.3,460.17 1 0
github.com/tsloms/server/internal/ai/nl.go:460.17,462.94 2 0
github.com/tsloms/server/internal/ai/nl.go:462.94,464.5 1 0
github.com/tsloms/server/internal/ai/nl.go:467.2,467.30 1 0
github.com/tsloms/server/internal/ai/nl.go:467.30,469.3 1 0
github.com/tsloms/server/internal/ai/nl.go:470.2,470.19 1 0
github.com/tsloms/server/internal/ai/nl.go:470.19,473.3 1 0
github.com/tsloms/server/internal/ai/nl.go:475.2,476.17 2 0
github.com/tsloms/server/internal/ai/nl.go:476.17,478.3 1 0
github.com/tsloms/server/internal/ai/nl.go:479.2,480.16 2 0
github.com/tsloms/server/internal/ai/nl.go:480.16,482.3 1 0
github.com/tsloms/server/internal/ai/nl.go:483.2,494.50 3 0
github.com/tsloms/server/internal/ai/nl.go:494.50,496.3 1 0
github.com/tsloms/server/internal/ai/nl.go:497.2,498.16 2 0
github.com/tsloms/server/internal/ai/nl.go:498.16,500.3 1 0
github.com/tsloms/server/internal/ai/nl.go:501.2,501.233 1 0
github.com/tsloms/server/internal/ai/nl.go:504.72,507.13 3 0
github.com/tsloms/server/internal/ai/nl.go:507.13,509.3 1 0
github.com/tsloms/server/internal/ai/nl.go:510.2,510.13 1 0
github.com/tsloms/server/internal/ai/nl.go:510.13,512.3 1 0
github.com/tsloms/server/internal/ai/nl.go:513.2,513.12 1 0
github.com/tsloms/server/internal/ai/nl.go:513.12,515.73 2 0
github.com/tsloms/server/internal/ai/nl.go:515.73,517.4 1 0
github.com/tsloms/server/internal/ai/nl.go:519.2,519.19 1 0
github.com/tsloms/server/internal/ai/nl.go:519.19,521.17 2 0
github.com/tsloms/server/internal/ai/nl.go:521.17,523.4 1 0
github.com/tsloms/server/internal/ai/nl.go:524.3,524.17 1 0
github.com/tsloms/server/internal/ai/nl.go:524.17,526.94 2 0
github.com/tsloms/server/internal/ai/nl.go:526.94,528.5 1 0
github.com/tsloms/server/internal/ai/nl.go:531.2,531.19 1 0
github.com/tsloms/server/internal/ai/nl.go:531.19,533.3 1 0
github.com/tsloms/server/internal/ai/nl.go:536.2,543.16 4 0
github.com/tsloms/server/internal/ai/nl.go:543.16,545.3 1 0
github.com/tsloms/server/internal/ai/nl.go:546.2,546.16 1 0
github.com/tsloms/server/internal/ai/nl.go:546.16,548.3 1 0
github.com/tsloms/server/internal/ai/nl.go:549.2,549.51 1 0
github.com/tsloms/server/internal/ai/nl.go:549.51,551.3 1 0
github.com/tsloms/server/internal/ai/nl.go:552.2,553.264 2 0
github.com/tsloms/server/internal/ai/nl.go:558.40,559.36 1 0
github.com/tsloms/server/internal/ai/nl.go:559.36,560.33 1 0
github.com/tsloms/server/internal/ai/nl.go:560.33,561.33 1 0
github.com/tsloms/server/internal/ai/nl.go:561.33,563.5 1 0
github.com/tsloms/server/internal/ai/nl.go:566.2,569.3 1 0
github.com/tsloms/server/internal/ai/nl.go:574.38,576.33 2 0
github.com/tsloms/server/internal/ai/nl.go:576.33,577.42 1 0
github.com/tsloms/server/internal/ai/nl.go:577.42,579.4 1 0
github.com/tsloms/server/internal/ai/nl.go:580.3,580.54 1 0
github.com/tsloms/server/internal/ai/nl.go:582.2,582.29 1 0
github.com/tsloms/server/internal/ai/nl.go:585.38,588.44 2 1
github.com/tsloms/server/internal/ai/nl.go:588.44,589.67 1 1
github.com/tsloms/server/internal/ai/nl.go:589.67,591.4 1 1
github.com/tsloms/server/internal/ai/nl.go:593.2,593.13 1 1
github.com/tsloms/server/internal/ai/nl.go:593.13,594.45 1 1
github.com/tsloms/server/internal/ai/nl.go:594.45,595.68 1 1
github.com/tsloms/server/internal/ai/nl.go:595.68,597.5 1 0
github.com/tsloms/server/internal/ai/nl.go:598.4,598.15 1 1
github.com/tsloms/server/internal/ai/nl.go:598.15,600.5 1 0
github.com/tsloms/server/internal/ai/nl.go:603.2,603.13 1 1
github.com/tsloms/server/internal/ai/nl.go:603.13,605.3 1 1
github.com/tsloms/server/internal/ai/nl.go:606.2,606.10 1 1
github.com/tsloms/server/internal/ai/nl.go:609.39,610.13 1 0
github.com/tsloms/server/internal/ai/nl.go:610.13,612.3 1 0
github.com/tsloms/server/internal/ai/nl.go:613.2,614.12 2 0
github.com/tsloms/server/internal/ai/nl.go:614.12,616.3 1 0
github.com/tsloms/server/internal/ai/nl.go:617.2,617.13 1 0
github.com/tsloms/server/internal/ai/nl.go:617.13,619.3 1 0
github.com/tsloms/server/internal/ai/nl.go:620.2,620.10 1 0
github.com/tsloms/server/internal/ai/nl.go:623.25,625.22 2 0
github.com/tsloms/server/internal/ai/nl.go:625.22,626.25 1 0
github.com/tsloms/server/internal/ai/nl.go:626.25,627.9 1 0
github.com/tsloms/server/internal/ai/nl.go:629.3,629.24 1 0
github.com/tsloms/server/internal/ai/nl.go:631.2,631.10 1 0
github.com/tsloms/server/internal/ai/nl.go:634.38,636.52 1 1
github.com/tsloms/server/internal/ai/nl.go:636.52,637.44 1 1
github.com/tsloms/server/internal/ai/nl.go:637.44,640.28 3 1
github.com/tsloms/server/internal/ai/nl.go:640.28,641.29 1 1
github.com/tsloms/server/internal/ai/nl.go:641.29,642.11 1 1
github.com/tsloms/server/internal/ai/nl.go:644.5,644.22 1 1
github.com/tsloms/server/internal/ai/nl.go:646.4,646.17 1 1
github.com/tsloms/server/internal/ai/nl.go:646.17,648.5 1 1
github.com/tsloms/server/internal/ai/nl.go:652.2,652.63 1 1
github.com/tsloms/server/internal/ai/nl.go:652.63,652.97 1 1
github.com/tsloms/server/internal/ai/nl.go:652.99,653.34 1 1
github.com/tsloms/server/internal/ai/nl.go:653.34,655.4 1 0
github.com/tsloms/server/internal/ai/nl.go:657.2,657.11 1 1
github.com/tsloms/server/internal/ai/nl.go:660.33,661.13 1 1
github.com/tsloms/server/internal/ai/nl.go:661.13,663.3 1 0
github.com/tsloms/server/internal/ai/nl.go:664.2,665.22 2 1
github.com/tsloms/server/internal/ai/nl.go:665.22,666.25 1 1
github.com/tsloms/server/internal/ai/nl.go:666.25,668.4 1 1
github.com/tsloms/server/internal/ai/nl.go:669.3,669.27 1 1
github.com/tsloms/server/internal/ai/nl.go:671.2,671.10 1 1
github.com/tsloms/server/internal/ai/nl.go:674.46,677.34 2 1
github.com/tsloms/server/internal/ai/nl.go:677.34,680.67 2 1
github.com/tsloms/server/internal/ai/nl.go:680.67,682.4 1 1
github.com/tsloms/server/internal/ai/nl.go:682.9,682.97 1 1
github.com/tsloms/server/internal/ai/nl.go:682.97,684.4 1 1
github.com/tsloms/server/internal/ai/nl.go:685.3,685.14 1 1
github.com/tsloms/server/internal/ai/nl.go:685.14,686.12 1 1
github.com/tsloms/server/internal/ai/nl.go:688.3,689.17 2 1
github.com/tsloms/server/internal/ai/nl.go:689.17,691.100 2 1
github.com/tsloms/server/internal/ai/nl.go:691.100,692.10 1 1
github.com/tsloms/server/internal/ai/nl.go:694.4,694.23 1 1
github.com/tsloms/server/internal/ai/nl.go:694.23,695.10 1 0
github.com/tsloms/server/internal/ai/nl.go:697.4,697.11 1 1
github.com/tsloms/server/internal/ai/nl.go:699.3,699.18 1 1
github.com/tsloms/server/internal/ai/nl.go:699.18,701.4 1 1
github.com/tsloms/server/internal/ai/nl.go:703.2,703.11 1 0
github.com/tsloms/server/internal/ai/nl.go:706.35,708.185 2 1
github.com/tsloms/server/internal/ai/nl.go:708.185,710.3 1 1
github.com/tsloms/server/internal/ai/nl.go:711.2,711.17 1 1
github.com/tsloms/server/internal/ai/nl.go:714.36,716.115 2 1
github.com/tsloms/server/internal/ai/nl.go:716.115,717.30 1 1
github.com/tsloms/server/internal/ai/nl.go:717.30,719.9 2 1
github.com/tsloms/server/internal/ai/nl.go:722.2,722.18 1 1
github.com/tsloms/server/internal/ai/nl.go:722.18,724.3 1 0
github.com/tsloms/server/internal/ai/nl.go:725.2,725.10 1 1
github.com/tsloms/server/internal/ai/nl.go:728.42,729.9 1 1
github.com/tsloms/server/internal/ai/nl.go:730.37,731.24 1 0
github.com/tsloms/server/internal/ai/nl.go:732.37,733.24 1 0
github.com/tsloms/server/internal/ai/nl.go:734.37,735.24 1 1
github.com/tsloms/server/internal/ai/nl.go:736.40,737.24 1 0
github.com/tsloms/server/internal/ai/nl.go:738.37,739.24 1 0
github.com/tsloms/server/internal/ai/nl.go:740.37,741.24 1 0
github.com/tsloms/server/internal/ai/nl.go:742.40,743.24 1 0
github.com/tsloms/server/internal/ai/nl.go:744.10,745.30 1 0
github.com/tsloms/server/internal/ai/nl.go:749.38,750.9 1 1
github.com/tsloms/server/internal/ai/nl.go:751.37,752.12 1 1
github.com/tsloms/server/internal/ai/nl.go:753.37,754.12 1 0
github.com/tsloms/server/internal/ai/nl.go:755.37,756.12 1 0
github.com/tsloms/server/internal/ai/nl.go:757.40,758.12 1 0
github.com/tsloms/server/internal/ai/nl.go:759.10,760.12 1 0
github.com/tsloms/server/internal/ai/nl.go:764.32,765.11 1 0
github.com/tsloms/server/internal/ai/nl.go:766.18,767.18 1 0
github.com/tsloms/server/internal/ai/nl.go:768.15,769.18 1 0
github.com/tsloms/server/internal/ai/nl.go:770.17,771.18 1 0
github.com/tsloms/server/internal/ai/nl.go:772.15,773.18 1 0
github.com/tsloms/server/internal/ai/nl.go:774.10,775.11 1 0
github.com/tsloms/server/internal/ai/predict.go:10.54,31.27 10 0
github.com/tsloms/server/internal/ai/predict.go:31.27,33.25 1 0
github.com/tsloms/server/internal/ai/predict.go:33.25,36.4 2 0
github.com/tsloms/server/internal/ai/predict.go:40.2,44.21 3 0
github.com/tsloms/server/internal/ai/predict.go:44.21,47.28 3 0
github.com/tsloms/server/internal/ai/predict.go:47.28,51.23 4 0
github.com/tsloms/server/internal/ai/predict.go:51.23,53.5 1 0
github.com/tsloms/server/internal/ai/predict.go:54.4,54.23 1 0
github.com/tsloms/server/internal/ai/predict.go:54.23,56.5 1 0
github.com/tsloms/server/internal/ai/predict.go:57.4,57.23 1 0
github.com/tsloms/server/internal/ai/predict.go:57.23,59.5 1 0
github.com/tsloms/server/internal/ai/predict.go:61.3,65.29 5 0
github.com/tsloms/server/internal/ai/predict.go:69.2,73.43 3 0
github.com/tsloms/server/internal/ai/predict.go:73.43,75.3 1 0
github.com/tsloms/server/internal/ai/predict.go:75.8,75.28 1 0
github.com/tsloms/server/internal/ai/predict.go:75.28,77.25 2 0
github.com/tsloms/server/internal/ai/predict.go:77.25,79.4 1 0
github.com/tsloms/server/internal/ai/predict.go:83.2,88.10 4 0
github.com/tsloms/server/internal/ai/predict.go:92.70,110.2 4 0
github.com/tsloms/server/internal/ai/reports.go:45.51,83.28 21 1
github.com/tsloms/server/internal/ai/reports.go:83.28,84.24 1 1
github.com/tsloms/server/internal/ai/reports.go:84.24,87.4 2 1
github.com/tsloms/server/internal/ai/reports.go:89.2,89.11 1 1
github.com/tsloms/server/internal/ai/reports.go:89.11,91.3 1 1
github.com/tsloms/server/internal/ai/reports.go:93.2,110.23 10 1
github.com/tsloms/server/internal/ai/reports.go:110.23,114.27 3 0
github.com/tsloms/server/internal/ai/reports.go:114.27,120.4 1 0
github.com/tsloms/server/internal/ai/reports.go:121.3,121.136 1 0
github.com/tsloms/server/internal/ai/reports.go:122.8,124.3 1 1
github.com/tsloms/server/internal/ai/reports.go:125.2,125.15 1 1
github.com/tsloms/server/internal/ai/reports.go:129.55,131.16 2 0
github.com/tsloms/server/internal/ai/reports.go:131.16,133.3 1 0
github.com/tsloms/server/internal/ai/reports.go:134.2,143.77 7 0
github.com/tsloms/server/internal/ai/reports.go:143.77,147.3 3 0
github.com/tsloms/server/internal/ai/reports.go:147.8,149.3 1 0
github.com/tsloms/server/internal/ai/reports.go:151.2,161.9 3 0
github.com/tsloms/server/internal/ai/reports.go:164.53,172.25 6 0
github.com/tsloms/server/internal/ai/reports.go:172.25,174.3 1 0
github.com/tsloms/server/internal/ai/reports.go:175.2,175.32 1 0
github.com/tsloms/server/internal/ai/reports.go:175.32,177.72 2 0
github.com/tsloms/server/internal/ai/reports.go:177.72,179.4 1 0
github.com/tsloms/server/internal/ai/reports.go:180.3,180.83 1 0
github.com/tsloms/server/internal/ai/reports.go:182.2,182.25 1 0
github.com/tsloms/server/internal/ai/reports.go:187.79,193.16 5 0
github.com/tsloms/server/internal/ai/reports.go:194.19,196.17 2 0
github.com/tsloms/server/internal/ai/reports.go:196.17,198.4 1 0
github.com/tsloms/server/internal/ai/reports.go:199.3,202.27 4 0
github.com/tsloms/server/internal/ai/reports.go:203.14,205.17 2 0
github.com/tsloms/server/internal/ai/reports.go:205.17,207.4 1 0
github.com/tsloms/server/internal/ai/reports.go:208.3,211.27 4 0
github.com/tsloms/server/internal/ai/reports.go:212.15,215.197 3 0
github.com/tsloms/server/internal/ai/reports.go:216.19,219.220 3 0
github.com/tsloms/server/internal/ai/reports.go:220.16,223.222 3 0
github.com/tsloms/server/internal/ai/reports.go:224.10,225.58 1 0
github.com/tsloms/server/internal/ai/reports.go:228.2,232.79 5 0
github.com/tsloms/server/internal/ai/reports.go:232.79,236.3 3 0
github.com/tsloms/server/internal/ai/reports.go:237.2,249.9 4 0
github.com/tsloms/server/internal/ai/reports.go:254.46,285.2 12 0
github.com/tsloms/server/internal/ai/reports.go:287.50,305.28 10 0
github.com/tsloms/server/internal/ai/reports.go:305.28,306.24 1 0
github.com/tsloms/server/internal/ai/reports.go:306.24,309.4 2 0
github.com/tsloms/server/internal/ai/reports.go:311.2,312.11 2 0
github.com/tsloms/server/internal/ai/reports.go:312.11,314.3 1 0
github.com/tsloms/server/internal/ai/reports.go:315.2,326.24 9 0
github.com/tsloms/server/internal/ai/reports.go:329.47,348.23 13 0
github.com/tsloms/server/internal/ai/reports.go:348.23,356.3 3 0
github.com/tsloms/server/internal/ai/reports.go:357.2,359.24 2 0
github.com/tsloms/server/internal/ai/reports.go:365.61,367.18 2 0
github.com/tsloms/server/internal/ai/reports.go:367.18,369.3 1 0
github.com/tsloms/server/internal/ai/reports.go:370.2,370.31 1 0
github.com/tsloms/server/internal/ai/reports.go:370.31,372.3 1 0
github.com/tsloms/server/internal/ai/reports.go:373.2,375.13 3 0
github.com/tsloms/server/internal/ai/reports.go:383.11,385.26 2 0
github.com/tsloms/server/internal/ai/reports.go:385.26,386.13 1 0
github.com/tsloms/server/internal/ai/reports.go:386.13,387.9 1 0
github.com/tsloms/server/internal/ai/reports.go:389.3,389.12 1 0
github.com/tsloms/server/internal/ai/reports.go:389.12,391.4 1 0
github.com/tsloms/server/internal/ai/reports.go:392.3,392.53 1 0
github.com/tsloms/server/internal/ai/reports.go:394.2,394.12 1 0
github.com/tsloms/server/internal/ai/reports.go:400.11,402.26 2 0
github.com/tsloms/server/internal/ai/reports.go:402.26,403.13 1 0
github.com/tsloms/server/internal/ai/reports.go:403.13,404.9 1 0
github.com/tsloms/server/internal/ai/reports.go:406.3,406.12 1 0
github.com/tsloms/server/internal/ai/reports.go:406.12,408.4 1 0
github.com/tsloms/server/internal/ai/reports.go:409.3,409.55 1 0
github.com/tsloms/server/internal/ai/reports.go:411.2,411.12 1 0
github.com/tsloms/server/internal/ai/reports.go:414.30,415.12 1 0
github.com/tsloms/server/internal/ai/reports.go:415.12,417.3 1 0
github.com/tsloms/server/internal/ai/reports.go:418.2,418.38 1 0
github.com/tsloms/server/internal/ai/reports.go:421.50,423.16 2 0
github.com/tsloms/server/internal/ai/reports.go:424.14,426.61 2 0
github.com/tsloms/server/internal/ai/reports.go:427.15,429.61 2 0
github.com/tsloms/server/internal/ai/reports.go:430.10,431.60 1 0
